{"exp_name": 1746539692.638368, "term_cause": "PASSED", "ego": {"decision_time": [-1, -1, -1, -1, -1, -1, -1, -1, -1, -1, -1, -1, -1, -1, -1, -1, -1, -1, -1, -1, -1, -1, -1, -1, -1, -1, -1, -1, -1, -1, -1, -1, -1, -1, -1, -1, -1, -1, -1, -1, -1, -1, -1, -1, -1, -1, -1, -1, -1, -1, -1, -1, -1, -1, -1, -1, -1, -1, -1, -1, -1, -1, -1, -1, -1, -1, -1, -1, -1, -1, -1, -1, -1, -1, -1, -1, -1, -1, -1, -1, -1, -1, -1, -1, -1, -1, -1, -1, -1, -1, -1, -1, -1, -1, -1, -1, -1, -1, -1, -1, -1, -1, -1, -1, -1, -1, -1, -1, -1, -1, -1, -1, -1, -1, -1, -1, -1, -1, -1, -1, -1, -1, -1, -1, -1, -1, -1, -1, -1, -1], "aoi": [-1, -1, -1, -1, -1, -1, -1, -1, -1, -1, -1, -1, -1, -1, -1, -1, -1, -1, -1, -1, -1, -1, -1, -1, -1, -1, -1, -1, -1, -1, -1, -1, -1, -1, -1, -1, -1, -1, -1, -1, -1, -1, -1, -1, -1, -1, -1, -1, -1, -1, -1, -1, -1, -1, -1, -1, -1, -1, -1, -1, -1, -1, -1, -1, -1, -1, -1, -1, -1, -1, -1, -1, -1, -1, -1, -1, -1, -1, -1, -1, -1, -1, -1, -1, -1, -1, -1, -1, -1, -1, -1, -1, -1, -1, -1, -1, -1, -1, -1, -1, -1, -1, -1, -1, -1, -1, -1, -1, -1, -1, -1, -1, -1, -1, -1, -1, -1, -1, -1, -1, -1, -1, -1, -1, -1, -1, -1, -1, -1, -1], "ego_tactical_speed": [0.0, 0.0, 0.0, 0.0, 0.0, 0.0, 1.0, 1.0, 1.0, 1.0, 1.0, 1.0, 1.0, 1.0, 1.0, 1.0, 1.0, 1.0, 1.0, 1.0, 1.0, 1.0, 1.0, 1.0, 1.0, 1.0, 1.0, 1.0, 1.0, 1.0, 1.0, 1.0, 1.0, 1.0, 1.0, 1.0, 1.0, 1.0, 1.0, 1.0, 1.0, 1.0, 1.0, 1.0, 1.0, 1.0, 1.0, 1.0, 1.0, 1.0, 1.0, 1.0, 1.0, 1.0, 1.0, 1.0, 1.0, 1.0, 1.0, 1.0, 1.0, 1.0, 1.0, 1.0, 1.0, 1.0, 1.0, 1.0, 1.0, 1.0, 1.0, 1.0, 1.0, 1.0, 1.0, 1.0, 1.0, 1.0, 1.0, 1.0, 1.0, 1.0, 1.0, 1.0, 1.0, 1.0, 1.0, 1.0, 1.0, 1.0, 1.0, 1.0, 1.0, 1.0, 1.0, 1.0, 1.0, 1.0, 1.0, 1.0, 1.0, 1.0, 1.0, 1.0, 1.0, 1.0, 1.0, 1.0, 1.0, 1.0, 1.0, 1.0, 1.0, 1.0, 1.0, 1.0, 1.0, 1.0, 1.0, 1.0, 1.0, 1.0, 1.0, 1.0, 1.0, 1.0, 1.0, 1.0, 1.0, 1.0], "ego_front_d": [-1, -1, -1, -1, -1, -1, 0.3599999999987329, 0.3599999999987329, 0.3599999999987329, 0.385642733768762, 0.4641744552775026, 0.5597231069915285, 0.6690361744018212, 0.7787338867969157, 0.8298948939717778, 0.9828300212583958, 1.0810289282604195, 1.1810885140549114, 1.2857335447979388, 1.3916046772714763, 1.4981521537713727, 1.6036973832136432, 1.7077967227099498, 1.8100127979210008, 1.910898304678356, 2.013748466954488, 2.1213937817711415, 2.2305361374195174, 2.3428853182836304, 2.452839074030513, 2.5558587303249607, 2.6593379142112816, 2.7660031760834247, 2.8737594385422596, 2.9807063162351777, 3.0875053759130227, 3.194653153632771, 3.300913258273116, 3.4069395347256997, 3.512838763204172, 3.620034343116609, 3.7272119479676165, 3.8353305880682567, 3.9447376382556634, 4.0570478211094505, 4.168334067274965, 4.274620135002479, 4.378521788327552, 4.481355892589496, 4.584855817578578, 4.690921510305855, 4.800013749946752, 4.915470523472928, 5.026968681780497, 5.127838528689476, 5.228562194257233, 5.335027750708459, 5.442551020324734, 5.550806675700713, 5.65899921024268, 5.765776034353245, 5.8705051647355795, 5.971171696716597, 6.072291168218273, 6.176221394137354, 6.2809117599096655, 6.38659317565145, 6.493406498207836, 6.602956519947659, 6.712182893232189, 6.820465752428478, 6.926551671159363, 7.029155532278505, 7.133027326915301, 7.241847087967852, 7.348282311490939, 7.448679766573352, 7.548847281549141, 7.652073467900948, 7.756288308023775, 7.862492327808653, 7.967964816804165, 8.074104375067975, 8.182017500207388, 8.291771259281552, 8.400716189245957, 8.50547238480991, 8.610536979207348, 8.71676144760225, 8.822547564563076, 8.926449108327509, 9.028593051015752, 9.127676918476409, 9.226979887261578, 9.328672806496412, 9.431473680061716, 9.53700021201755, 9.6425161911244, 9.746924346021688, 9.85061598629784, 9.953242638356889, 10.058206663690306, 10.16740558154187, 10.276671186227965, 10.385396592815317, 10.49151707692126, 10.59192765325769, 10.69376736698531, 10.801051281199587, 10.909924797525647, 11.019808155751774, 11.128293359966563, 11.23311206674309, 11.336750945415712, 11.439863602341685, 11.542928900125254, 11.644883890947668, 11.748660806540462, 11.857159424923555, 11.967059662810449, 12.07801631246751, 12.18701822784459, 12.292554378960848, 12.395347882615747, 12.495593748687549, 12.597567951812263, 12.704671405222035, 12.814132977242592, 12.926934653128, 13.03644230534881], "ego_pos": [-10, -10, -10, -10, -10, -10, -10, -10, -10, -10, -10, -10, -10, -10, -10, -10, -10, -10, -10, -10, -10, -10, -10, -10, -10, -10, -10, -10, -10, -10, -10, -10, -10, -10, -10, -10, -10, -10, -10, -10, -10, -10, -10, -10, -10, -10, -10, -10, -10, -10, -10, -10, -10, -10, -10, -10, -10, -10, -10, -10, -10, -10, -10, -10, -10, -10, -10, -10, -10, -10, -10, -10, -10, -10, -10, -10, -10, -10, -10, -10, -10, -10, -10, -10, -10, -10, -10, -10, -10, -10, -10, -10, -10, -10, -10, -10, -10, -10, -10, -10, -10, -10, -10, -10, -10, -10, -10, -10, -10, -10, -10, -10, -10, -10, -10, -10, -10, -10, -10, -10, -10, -10, -10, -10, -10, -10, -10, -10, -10, -10], "ego_pred_go_pos": [-10, -10, -10, -10, -10, -10, -10, -10, -10, -10, -10, -10, -10, -10, -10, -10, -10, -10, -10, -10, -10, -10, -10, -10, -10, -10, -10, -10, -10, -10, -10, -10, -10, -10, -10, -10, -10, -10, -10, -10, -10, -10, -10, -10, -10, -10, -10, -10, -10, -10, -10, -10, -10, -10, -10, -10, -10, -10, -10, -10, -10, -10, -10, -10, -10, -10, -10, -10, -10, -10, -10, -10, -10, -10, -10, -10, -10, -10, -10, -10, -10, -10, -10, -10, -10, -10, -10, -10, -10, -10, -10, -10, -10, -10, -10, -10, -10, -10, -10, -10, -10, -10, -10, -10, -10, -10, -10, -10, -10, -10, -10, -10, -10, -10, -10, -10, -10, -10, -10, -10, -10, -10, -10, -10, -10, -10, -10, -10, -10, -10], "ego_d_to_cr": [-1, -1, -1, -1, -1, -1, 7.647000000001267, 7.647000000001267, 7.647000000001267, 7.621357266231238, 7.542825544722497, 7.447276893008471, 7.3379638255981785, 7.228266113203084, 7.177105106028222, 7.024169978741604, 6.92597107173958, 6.825911485945088, 6.721266455202061, 6.615395322728523, 6.508847846228627, 6.403302616786356, 6.29920327729005, 6.196987202078999, 6.096101695321644, 5.993251533045512, 5.885606218228858, 5.776463862580482, 5.664114681716369, 5.554160925969487, 5.451141269675039, 5.347662085788718, 5.240996823916575, 5.13324056145774, 5.0262936837648216, 4.919494624086977, 4.8123468463672285, 4.7060867417268835, 4.6000604652743, 4.4941612367958275, 4.38696565688339, 4.279788052032384, 4.1716694119317435, 4.062262361744336, 3.949952178890549, 3.8386659327250348, 3.7323798649975206, 3.628478211672448, 3.5256441074105034, 3.4221441824214214, 3.316078489694145, 3.206986250053248, 3.0915294765270716, 2.9800313182195026, 2.879161471310524, 2.778437805742767, 2.6719722492915405, 2.564448979675266, 2.456193324299287, 2.34800078975732, 2.2412239656467543, 2.13649483526442, 2.0358283032834024, 1.9347088317817267, 1.8307786058626458, 1.7260882400903341, 1.6204068243485494, 1.5135935017921636, 1.4040434800523407, 1.2948171067678107, 1.1865342475715215, 1.080448328840637, 0.9778444677214946, 0.8739726730846984, 0.7651529120321481, 0.6587176885090607, 0.5583202334266479, 0.4581527184508589, 0.3549265320990518, 0.25071169197622467, 0.14450767219134697, 0.039035183195834655, -1, -1, -1, -1, -1, -1, -1, -1, -1, -1, -1, -1, -1, -1, -1, -1, -1, -1, -1, -1, -1, -1, -1, -1, -1, -1, -1, -1, -1, -1, -1, -1, -1, -1, -1, -1, -1, -1, -1, -1, -1, -1, -1, -1, -1, -1, -1, -1],