{"exp_name": 1746539759.963205, "term_cause": "PASSED", "ego": {"decision_time": [-1, -1, -1, -1, -1, -1, -1, -1, -1, -1, -1, -1, -1, -1, -1, -1, -1, -1, -1, -1, -1, -1, -1, -1, -1, -1, -1, -1, -1, -1, -1, -1, -1, -1, -1, -1, -1, -1, -1, -1, -1, -1, -1, -1, -1, -1, -1, -1, -1, -1, -1, -1, -1, -1, -1, -1, -1, -1, -1, -1, -1, -1, -1, -1, -1, -1, -1, -1, -1, -1, -1, -1, -1, -1, -1, -1, -1, -1, -1, -1, -1, -1, -1, -1, -1, -1, -1, -1, -1, -1, -1, -1, -1, -1, -1, -1, -1, -1, -1, -1, -1, -1, -1, -1, -1, -1, -1, -1, -1, -1, -1, -1, -1, -1, -1, -1, -1, -1, -1, -1, -1, -1, -1, -1, -1, -1, -1, -1, -1, -1, -1, -1, -1, -1, -1, -1, -1], "aoi": [-1, -1, -1, -1, -1, -1, -1, -1, -1, -1, -1, -1, -1, -1, -1, -1, -1, -1, -1, -1, -1, -1, -1, -1, -1, -1, -1, -1, -1, -1, -1, -1, -1, -1, -1, -1, -1, -1, -1, -1, -1, -1, -1, -1, -1, -1, -1, -1, -1, -1, -1, -1, -1, -1, -1, -1, -1, -1, -1, -1, -1, -1, -1, -1, -1, -1, -1, -1, -1, -1, -1, -1, -1, -1, -1, -1, -1, -1, -1, -1, -1, -1, -1, -1, -1, -1, -1, -1, -1, -1, -1, -1, -1, -1, -1, -1, -1, -1, -1, -1, -1, -1, -1, -1, -1, -1, -1, -1, -1, -1, -1, -1, -1, -1, -1, -1, -1, -1, -1, -1, -1, -1, -1, -1, -1, -1, -1, -1, -1, -1, -1, -1, -1, -1, -1, -1, -1], "ego_tactical_speed": [0.0, 0.0, 0.0, 0.0, 0.0, 0.0, 0.0, 0.0, 0.0, 0.0, 1.0, 1.0, 1.0, 1.0, 1.0, 1.0, 1.0, 1.0, 1.0, 1.0, 1.0, 1.0, 1.0, 1.0, 1.0, 1.0, 1.0, 1.0, 1.0, 1.0, 1.0, 1.0, 1.0, 1.0, 1.0, 1.0, 1.0, 1.0, 1.0, 1.0, 1.0, 1.0, 1.0, 1.0, 1.0, 1.0, 1.0, 1.0, 1.0, 1.0, 1.0, 1.0, 1.0, 1.0, 1.0, 1.0, 1.0, 1.0, 1.0, 1.0, 1.0, 1.0, 1.0, 1.0, 1.0, 1.0, 1.0, 1.0, 1.0, 1.0, 1.0, 1.0, 1.0, 1.0, 1.0, 1.0, 1.0, 1.0, 1.0, 1.0, 1.0, 1.0, 1.0, 1.0, 1.0, 1.0, 1.0, 1.0, 1.0, 1.0, 1.0, 1.0, 1.0, 1.0, 1.0, 1.0, 1.0, 1.0, 1.0, 1.0, 1.0, 1.0, 1.0, 1.0, 1.0, 1.0, 1.0, 1.0, 1.0, 1.0, 1.0, 1.0, 1.0, 1.0, 1.0, 1.0, 1.0, 1.0, 1.0, 1.0, 1.0, 1.0, 1.0, 1.0, 1.0, 1.0, 1.0, 1.0, 1.0, 1.0, 1.0, 1.0, 1.0, 1.0, 1.0, 1.0, 1.0], "ego_front_d": [-1, -1, -1, -1, -1, -1, -1, -1, -1, -1, 0.3599999999987329, 0.3599999999987329, 0.3599999999987329, 0.3599999999987329, 0.3989232371252722, 0.45242895399886324, 0.5502463760074203, 0.663059080395092, 0.7740860084368446, 0.8823664201667327, 0.9906685022366499, 1.098731111042337, 1.2041039986290496, 1.3082644798587335, 1.4159483072595593, 1.525039028496172, 1.6319895003499802, 1.7382056465829587, 1.8398892229530919, 1.9403022909084413, 2.0424835444843747, 2.1461882742818714, 2.252033076835313, 2.3589322611394627, 2.4680075606081733, 2.5776161445998422, 2.6852752693912745, 2.791990933736388, 2.8933996576611074, 2.9945677443803564, 3.0913721934022114, 3.189742862563911, 3.286902251262374, 3.38376888071379, 3.4861552876098556, 3.590700825200877, 3.698599134979384, 3.8075814837086384, 3.912521555071832, 4.016052477003182, 4.123852378380497, 4.233289303055667, 4.339306170005543, 4.44380831233259, 4.547997531834719, 4.652310137968583, 4.754828063509005, 4.856921023947372, 4.958378389545058, 5.0600935254963275, 5.17364003858064, 5.292193572474534, 5.401805020317969, 5.507872466668694, 5.610875492091954, 5.7131454107202035, 5.814827233841647, 5.916806087150941, 6.019149296984488, 6.121733926391213, 6.225660979926079, 6.330230507810098, 6.433015859222493, 6.535453157680604, 6.642486159664629, 6.751568919448104, 6.855778264630074, 6.95805292537929, 7.057331116841855, 7.1574554913120005, 7.2568299699619905, 7.358809515163395, 7.462751695939798, 7.567491601808615, 7.67939872219867, 7.793904155894615, 7.904867564673772, 8.01417910799645, 8.116266983574747, 8.215835654423882, 8.31449476839144, 8.413344625814963, 8.516530454821911, 8.621624344534473, 8.726003731608102, 8.830184146590925, 8.93112138606767, 9.030994809140156, 9.131499471375454, 9.232428029493477, 9.336454859929033, 9.441536286200018, 9.543434862447448, 9.6440943387708, 9.742700197788878, 9.840705979422177, 9.944619207903369, 10.05091308830544, 10.163504618970814, 10.27815405236019, 10.385737195096482, 10.4903997411771, 10.590581258322683, 10.689396385142716, 10.79419400745041, 10.901295849700626, 11.00542316548212, 11.108319339803398, 11.210932288614547, 11.313639878464977, 11.415782703959474, 11.517925778043724, 11.617516552912807, 11.716139641808379, 11.819836852202735, 11.925422646734418, 12.031180494857907, 12.13634583757351, 12.2358818658042, 12.333291874403658, 12.435683680981114, 12.540110812989079, 12.646467706450665, 12.75339230375527, 12.865235746557808, 12.978553493862078, 13.085678794205403], "ego_pos": [-10, -10, -10, -10, -10, -10, -10, -10, -10, -10, -10, -10, -10, -10, -10, -10, -10, -10, -10, -10, -10, -10, -10, -10, -10, -10, -10, -10, -10, -10, -10, -10, -10, -10, -10, -10, -10, -10, -10, -10, -10, -10, -10, -10, -10, -10, -10, -10, -10, -10, -10, -10, -10, -10, -10, -10, -10, -10, -10, -10, -10, -10, -10, -10, -10, -10, -10, -10, -10, -10, -10, -10, -10, -10, -10, -10, -10, -10, -10, -10, -10, -10, -10, -10, -10, -10, -10, -10, -10, -10, -10, -10, -10, -10, -10, -10, -10, -10, -10, -10, -10, -10, -10, -10, -10, -10, -10, -10, -10, -10, -10, -10, -10, -10, -10, -10, -10, -10, -10, -10, -10, -10, -10, -10, -10, -10, -10, -10, -10, -10, -10, -10, -10, -10, -10, -10, -10], "ego_pred_go_pos": [-10, -10, -10, -10, -10, -10, -10, -10, -10, -10, -10, -10, -10, -10, -10, -10, -10, -10, -10, -10, -10, -10, -10, -10, -10, -10, -10, -10, -10, -10, -10, -10, -10, -10, -10, -10, -10, -10, -10, -10, -10, -10, -10, -10, -10, -10, -10, -10, -10, -10, -10, -10, -10, -10, -10, -10, -10, -10, -10, -10, -10, -10, -10, -10, -10, -10, -10, -10, -10, -10, -10, -10, -10, -10, -10, -10, -10, -10, -10, -10, -10, -10, -10, -10, -10, -10, -10, -10, -10, -10, -10, -10, -10, -10, -10, -10, -10, -10, -10, -10, -10, -10, -10, -10, -10, -10, -10, -10, -10, -10, -10, -10, -10, -10, -10, -10, -10, -10, -10, -10, -10, -10, -10, -10, -10, -10, -10, -10, -10, -10, -10, -10, -10, -10, -10, -10, -10], "ego_d_to_cr": [-1, -1, -1, -1, -1, -1, -1, -1, -1, -1, 7.647000000001267, 7.647000000001267, 7.647000000001267, 7.647000000001267, 7.6080767628747275, 7.554571046001136, 7.456753623992579, 7.343940919604908, 7.232913991563155, 7.124633579833267, 7.01633149776335, 6.908268888957663, 6.80289600137095, 6.698735520141266, 6.59105169274044, 6.4819609715038276, 6.37501049965002, 6.268794353417041, 6.167110777046908, 6.066697709091558, 5.964516455515625, 5.860811725718128, 5.7549669231646865, 5.6480677388605365, 5.538992439391826, 5.429383855400157, 5.321724730608725, 5.215009066263612, 5.113600342338892, 5.012432255619643, 4.915627806597788, 4.817257137436089, 4.720097748737626, 4.62323111928621, 4.520844712390144, 4.416299174799123, 4.308400865020616, 4.199418516291361, 4.094478444928168, 3.9909475229968177, 3.8831476216195027, 3.773710696944333, 3.667693829994457, 3.56319168766741, 3.4590024681652807, 3.3546898620314165, 3.2521719364909947, 3.1500789760526278, 3.0486216104549415, 2.946906474503672, 2.83335996141936, 2.714806427525466, 2.6051949796820306, 2.499127533331306, 2.3961245079080458, 2.293854589279796, 2.192172766158353, 2.0901939128490588, 1.9878507030155115, 1.8852660736087863, 1.7813390200739203, 1.6767694921899015, 1.5739841407775064, 1.4715468423193956, 1.3645138403353707, 1.2554310805518956, 1.1512217353699254, 1.0489470746207097, 0.9496688831581448, 0.8495445086879991, 0.7501700300380092, 0.6481904848366042, 0.5442483040602015, 0.43950839819138476, 0.32760127780132997, 0.21309584410538474, 0.10213243532622762, -1, -1, -1, -1, -1, -1, -1, -1, -1, -1, -1, -1, -1, -1, -1, -1, -1, -1, -1, -1, -1, -1, -1, -1, -1, -1, -1, -1, -1, -1, -1, -1, -1, -1, -1, -1, -1, -1, -1, -1, -1, -1, -1, -1, -1, -1, -1, -1, -1, -1],