{"exp_name": 1746543357.1805024, "term_cause": "PASSED", "ego": {"decision_time": [-1, -1, -1, -1, -1, -1, -1, -1, -1, -1, -1, -1, -1, -1, -1, -1, -1, -1, -1, -1, -1, -1, -1, -1, -1, -1, -1, -1, -1, -1, -1, -1, -1, -1, -1, -1, -1, -1, -1, -1, -1, -1, -1, -1, -1, -1, -1, -1, -1, -1, -1, -1, -1, -1, -1, -1, -1, -1, -1, -1, -1, -1, -1, -1, -1, -1, -1, -1, -1, -1], "aoi": [-1, -1, -1, -1, -1, -1, -1, -1, -1, -1, -1, -1, -1, -1, -1, -1, -1, -1, -1, -1, -1, -1, -1, -1, -1, -1, -1, -1, -1, -1, -1, -1, -1, -1, -1, -1, -1, -1, -1, -1, -1, -1, -1, -1, -1, -1, -1, -1, -1, -1, -1, -1, -1, -1, -1, -1, -1, -1, -1, -1, -1, -1, -1, -1, -1, -1, -1, -1, -1, -1], "ego_tactical_speed": [0.0, 0.0, 2.0, 2.0, 2.0, 2.0, 2.0, 2.0, 2.0, 2.0, 2.0, 2.0, 2.0, 2.0, 2.0, 2.0, 2.0, 2.0, 2.0, 2.0, 2.0, 2.0, 2.0, 2.0, 2.0, 2.0, 2.0, 2.0, 2.0, 2.0, 2.0, 2.0, 2.0, 2.0, 2.0, 2.0, 2.0, 2.0, 2.0, 2.0, 2.0, 2.0, 2.0, 2.0, 2.0, 2.0, 2.0, 2.0, 2.0, 2.0, 2.0, 2.0, 2.0, 2.0, 2.0, 2.0, 2.0, 2.0, 2.0, 2.0, 2.0, 2.0, 2.0, 2.0, 2.0, 2.0, 2.0, 2.0, 2.0, 2.0], "ego_front_d": [-1, -1, 0.3599999999987329, 0.3599999999987329, 0.3599999999987329, 0.3599999999987329, 0.3599999999987329, 0.3599999999987329, 0.3599999999987329, 0.3599999999987329, 0.3599999999987329, 0.3599999999987329, 0.3599999999987329, 0.3599999999987329, 0.3599999999987329, 0.3599999999987329, 0.3599999999987329, 0.3599999999987329, 0.3599999999987329, 0.3599999999987329, 0.3599999999987329, 0.3599999999987329, 0.3599999999987329, 0.3599999999987329, 0.3599999999987329, 0.3599999999987329, 0.3599999999987329, 0.3599999999987329, 0.37450362205132315, 0.3942884785400089, 0.4894011394705329, 0.611478790625819, 0.7448012961733896, 0.8788148308202413, 1.0335549121800862, 1.1945609289506502, 1.360810656985139, 1.5293514490927635, 1.6999082570546853, 1.8706897269800709, 2.0459256258658836, 2.2225939144210094, 2.397591663338666, 2.5715351925913943, 2.746188388442665, 2.92082961714456, 3.094668710896246, 3.2681648320938383, 3.439099008816383, 3.6090476428811202, 3.782527310213815, 3.957145763912376, 4.133858392404676, 4.310969266394197, 4.4878405241791555, 4.6641789835771466, 4.840138917879887, 5.014470148004124, 5.188420310979381, 5.362446834800704, 5.539502874681588, 5.717565281864783, 5.894216551966741, 6.070342051850194, 6.245722949578733, 6.42102743494193, 6.595307746367402, 6.769424857457752, 6.952974677565015, 7.139807265971637], "ego_pos": [-10, -10, -10, -10, -10, -10, -10, -10, -10, -10, -10, -10, -10, -10, -10, -10, -10, -10, -10, -10, -10, -10, -10, -10, -10, -10, -10, -10, -10, -10, -10, -10, -10, -10, -10, -10, -10, -10, -10, -10, -10, -10, -10, -10, -10, -10, -10, -10, -10, -10, -10, -10, -10, -10, -10, -10, -10, -10, -10, -10, -10, -10, -10, -10, -10, -10, -10, -10, -10, -10], "ego_pred_go_pos": [-10, -10, -10, -10, -10, -10, -10, -10, -10, -10, -10, -10, -10, -10, -10, -10, -10, -10, -10, -10, -10, -10, -10, -10, -10, -10, -10, -10, -10, -10, -10, -10, -10, -10, -10, -10, -10, -10, -10, -10, -10, -10, -10, -10, -10, -10, -10, -10, -10, -10, -10, -10, -10, -10, -10, -10, -10, -10, -10, -10, -10, -10, -10, -10, -10, -10, -10, -10, -10, -10], "ego_d_to_cr": [-1, -1, 3.640000000001267, 3.640000000001267, 3.640000000001267, 3.640000000001267, 3.640000000001267, 3.640000000001267, 3.640000000001267, 3.640000000001267, 3.640000000001267, 3.640000000001267, 3.640000000001267, 3.640000000001267, 3.640000000001267, 3.640000000001267, 3.640000000001267, 3.640000000001267, 3.640000000001267, 3.640000000001267, 3.640000000001267, 3.640000000001267, 3.640000000001267, 3.640000000001267, 3.640000000001267, 3.640000000001267, 3.640000000001267, 3.640000000001267, 3.625496377948677, 3.605711521459991, 3.510598860529467, 3.388521209374181, 3.2551987038266104, 3.1211851691797587, 2.966445087819914, 2.8054390710493498, 2.639189343014861, 2.4706485509072365, 2.3000917429453147, 2.129310273019929, 1.9540743741341164, 1.7774060855789906, 1.602408336661334, 1.4284648074086057, 1.2538116115573348, 1.0791703828554402, 0.9053312891037542, 0.7318351679061617, 0.5609009911836171, 0.39095235711887977, 0.21747268978618495, 0.04285423608762384, -1, -1, -1, -1, -1, -1, -1, -1, -1, -1, -1, -1, -1, -1, -1, -1, -1, -1], "ego_ttcr": [-1, -1, 100000000, 100000000, 100000000, 100000000, 100000000, 100000000, 100000000, 100000000, 100000000, 100000000, 100000000, 100000000, 100000000, 100000000, 100000000, 100000000, 100000000, 100000000, 100000000, 100000000, 100000000, 100000000, 100000000, 100000000, 100000000, 100000000, 7.250992755897354, 7.211423042919982, 4.98974641770206, 3.4752074673370115, 2.7950707831705857, 2.4845154858099665, 2.032929931830392, 1.8015882860253825, 1.6017424739813995, 1.4612195588768158, 1.3289179597594998, 1.2179772122548163, 1.0911690713948519, 0.9821636366668282, 0.8878277966723434, 0.7933713337601729, 0.6955642282248167, 0.5989299291510302, 0.5047006689808207, 0.40923521736514745, 0.3176117352987928, 0.2229271615686295, 0.12282236004770446, 0.02410522029551309, -1, -1, -1, -1, -1, -1, -1, -1, -1, -1, -1, -1, -1, -1, -1, -1, -1, -1], "target_acc": [-1, -1, -1, -1, -1, -1, -1, -1, -1, -1, -1, -1, -1, -1, -1, -1, -1, -1, -1, -1, -1, -1, -1, -1, -1, -1, -1, -1, -1, -1, -1, -1, -1, -1, -1, -1, -1, -1, -1, -1, -1, -1, -1, -1, -1, -1, -1, -1, -1, -1, -1, -1, -1, -1, -1, -1, -1, -1, -1, -1, -1, -1, -1, -1, -1, -1, -1, -1, -1, -1], "target_ttcr": [-1, -1, -1, -1, -1, -1, -1, -1, -1, -1, -1, -1, -1, -1, -1, -1, -1, -1, -1, -1, -1, -1, -1, -1, -1, -1, -1, -1, -1, -1, -1, -1, -1, -1, -1, -1, -1, -1, -1, -1, -1, -1, -1, -1, -1, -1, -1, -1, -1, -1, -1, -1, -1, -1, -1, -1, -1, -1, -1, -1, -1, -1, -1, -1, -1, -1, -1, -1, -1, -1], "target_d_to_cr": [-1, -1, -1, -1, -1, -1, -1, -1, -1, -1, -1, -1, -1, -1, -1, -1, -1, -1, -1, -1, -1, -1, -1, -1, -1, -1, -1, -1, -1, -1, -1, -1, -1, -1, -1, -1, -1, -1, -1, -1, -1, -1, -1, -1, -1, -1, -1, -1, -1, -1, -1, -1, -1, -1, -1, -1, -1, -1, -1, -1, -1, -1, -1, -1, -1, -1, -1, -1, -1, -1], "target_pos": [-10, -10, -10, -10, -10, -10, -10, -10, -10, -10, -10, -10, -10, -10, -10, -10, -10, -10, -10, -10, -10, -10, -10, -10, -10, -10, -10, -10, -10, -10, -10, -10, -10, -10, -10, -10, -10, -10, -10, -10, -10, -10, -10, -10, -10, -10, -10, -10, -10, -10, -10, -10, -10, -10, -10, -10, -10, -10, -10, -10, -10, -10, -10, -10, -10, -10, -10, -10, -10, -10], "target_d_front": [-1, -1, -1, -1, -1, -1, -1, -1, -1, -1, -1, -1, -1, -1, -1, -1, -1, -1, -1, -1, -1, -1, -1, -1, -1, -1, -1, -1, -1, -1, -1, -1, -1, -1, -1, -1, -1, -1, -1, -1, -1, -1, -1, -1, -1, -1, -1, -1, -1, -1, -1, -1, -1, -1, -1, -1, -1, -1, -1, -1, -1, -1, -1, -1, -1, -1, -1, -1, -1, -1]}}