{"exp_name": 1746543071.3698058, "term_cause": "PASSED", "ego": {"decision_time": [-1, -1, -1, -1, -1, -1, -1, -1, -1, -1, -1, -1, -1, -1, -1, -1, -1, -1, -1, -1, -1, -1, -1, -1, -1, -1, -1, -1, -1, -1, -1, -1, -1, -1, -1, -1, -1, -1, -1, -1, -1, -1, -1, -1, -1, -1, -1, -1, -1, -1, -1, -1, -1, -1, -1, -1, -1, -1, -1, -1, -1, -1, -1, -1, -1, -1, -1, -1, -1, -1, -1, -1, -1, -1, -1, -1, -1, -1, -1, -1, -1, -1, -1, -1, -1, -1, -1, -1, -1, -1], "aoi": [-1, -1, -1, -1, -1, -1, -1, -1, -1, -1, -1, -1, -1, -1, -1, -1, -1, -1, -1, -1, -1, -1, -1, -1, -1, -1, -1, -1, -1, -1, -1, -1, -1, -1, -1, -1, -1, -1, -1, -1, -1, -1, -1, -1, -1, -1, -1, -1, -1, -1, -1, -1, -1, -1, -1, -1, -1, -1, -1, -1, -1, -1, -1, -1, -1, -1, -1, -1, -1, -1, -1, -1, -1, -1, -1, -1, -1, -1, -1, -1, -1, -1, -1, -1, -1, -1, -1, -1, -1, -1], "ego_tactical_speed": [1.0, 1.0, 1.0, 1.0, 1.0, 1.0, 1.0, 1.0, 1.0, 1.0, 1.0, 1.0, 1.0, 1.0, 1.0, 1.0, 1.0, 1.0, 1.0, 1.0, 1.0, 1.0, 1.0, 1.0, 1.0, 1.0, 1.0, 1.0, 1.0, 1.0, 1.0, 1.0, 1.0, 1.0, 1.0, 1.0, 1.0, 1.0, 1.0, 1.0, 1.0, 1.0, 1.0, 1.0, 1.0, 1.0, 1.0, 1.0, 1.0, 1.0, 1.0, 1.0, 1.0, 1.0, 1.0, 1.0, 1.0, 1.0, 1.0, 1.0, 1.0, 1.0, 1.0, 1.0, 1.0, 1.0, 1.0, 1.0, 1.0, 1.0, 1.0, 1.0, 1.0, 1.0, 1.0, 1.0, 1.0, 1.0, 1.0, 1.0, 1.0, 1.0, 1.0, 1.0, 1.0, 1.0, 1.0, 1.0, 1.0, 1.0], "ego_front_d": [0.3599999999987329, 0.3599999999987329, 0.3599999999987329, 0.3599999999987329, 0.3599999999987329, 0.3599999999987329, 0.3814440344205696, 0.4110248469457538, 0.4632451998532625, 0.5231036511323577, 0.5977552857515835, 0.6768184076367856, 0.7573752372841982, 0.8378750499717853, 0.9166268976797278, 0.9964157092589527, 1.0814189654815904, 1.1674954470137648, 1.250636139452459, 1.3323747084790356, 1.4125527890648226, 1.4922125891164515, 1.5713879394257702, 1.650480989931987, 1.7313107656283049, 1.8127934207656762, 1.8931251568081913, 1.9730414468135682, 2.0519421870894017, 2.132416050333176, 2.2162891637369673, 2.3008366160004265, 2.3824863873229365, 2.462960635027549, 2.5461603607469083, 2.630487288223894, 2.715015207138914, 2.7993041520750634, 2.8805249956098096, 2.9613332523184837, 3.0441903790944007, 3.1279195907185873, 3.213103067147217, 3.2988324879443915, 3.3800535176966253, 3.459816528624956, 3.5423198793311133, 3.6259075680340636, 3.711111408315707, 3.796760378423749, 3.878149056564008, 3.9586703823954195, 4.0402477476056315, 4.122192054452258, 4.206228845982203, 4.29043913751738, 4.371531807227299, 4.451357155361311, 4.532650735086499, 4.614598330406069, 4.698441254389222, 4.782787960400605, 4.8640374512526385, 4.943871673424071, 5.025185134745796, 5.107407607716674, 5.190993897597094, 5.275501833064979, 5.357033143868219, 5.437434405240675, 5.5185243207614505, 5.600034731811629, 5.683541557426635, 5.768016162796517, 5.8495983483768015, 5.9299972135658265, 6.010654553311918, 6.091506576904088, 6.175111421461477, 6.259399087161903, 6.339485922233838, 6.4174380281248915, 6.497376623001678, 6.578212130153942, 6.662196592939427, 6.747378137038432, 6.8039722051242855, 6.8501175858914145, 6.9205383491160735, 7.000661865714747], "ego_pos": [-10, -10, -10, -10, -10, -10, -10, -10, -10, -10, -10, -10, -10, -10, -10, -10, -10, -10, -10, -10, -10, -10, -10, -10, -10, -10, -10, -10, -10, -10, -10, -10, -10, -10, -10, -10, -10, -10, -10, -10, -10, -10, -10, -10, -10, -10, -10, -10, -10, -10, -10, -10, -10, -10, -10, -10, -10, -10, -10, -10, -10, -10, -10, -10, -10, -10, -10, -10, -10, -10, -10, -10, -10, -10, -10, -10, -10, -10, -10, -10, -10, -10, -10, -10, -10, -10, -10, -10, -10, -10], "ego_pred_go_pos": [-10, -10, -10, -10, -10, -10, -10, -10, -10, -10, -10, -10, -10, -10, -10, -10, -10, -10, -10, -10, -10, -10, -10, -10, -10, -10, -10, -10, -10, -10, -10, -10, -10, -10, -10, -10, -10, -10, -10, -10, -10, -10, -10, -10, -10, -10, -10, -10, -10, -10, -10, -10, -10, -10, -10, -10, -10, -10, -10, -10, -10, -10, -10, -10, -10, -10, -10, -10, -10, -10, -10, -10, -10, -10, -10, -10, -10, -10, -10, -10, -10, -10, -10, -10, -10, -10, -10, -10, -10, -10], "ego_d_to_cr": [3.640000000001267, 3.640000000001267, 3.640000000001267, 3.640000000001267, 3.640000000001267, 3.640000000001267, 3.6185559655794304, 3.588975153054246, 3.5367548001467375, 3.4768963488676423, 3.4022447142484165, 3.3231815923632144, 3.242624762715802, 3.1621249500282147, 3.083373102320272, 3.0035842907410473, 2.9185810345184096, 2.832504552986235, 2.749363860547541, 2.6676252915209644, 2.5874472109351774, 2.5077874108835485, 2.42861206057423, 2.349519010068013, 2.268689234371695, 2.187206579234324, 2.1068748431918087, 2.026958553186432, 1.9480578129105983, 1.867583949666824, 1.7837108362630327, 1.6991633839995735, 1.6175136126770635, 1.537039364972451, 1.4538396392530917, 1.369512711776106, 1.2849847928610858, 1.2006958479249366, 1.1194750043901904, 1.0386667476815163, 0.9558096209055993, 0.8720804092814127, 0.7868969328527831, 0.7011675120556085, 0.6199464823033747, 0.5401834713750442, 0.45768012066888675, 0.37409243196593644, 0.28888859168429315, 0.20323962157625086, 0.12185094343599179, 0.04132961760458054, -1, -1, -1, -1, -1, -1, -1, -1, -1, -1, -1, -1, -1, -1, -1, -1, -1, -1, -1, -1, -1, -1, -1, -1, -1, -1, -1, -1, -1, -1, -1, -1, -1, -1, -1, -1, -1, -1], "ego_ttcr": [100000000, 100000000, 100000000, 100000000, 100000000, 100000000, 7.237111931158861, 7.177950306108492, 7.073509600293475, 6.953792697735285, 5.285016442117656, 4.645070876584684, 4.254041434148742, 4.0284826165436645, 3.8905034620793537, 3.701561280941946, 3.4489742170461493, 3.2828755197444486, 3.2364746029976312, 3.1671135964549175, 3.1204833703040156, 3.050173075502594, 2.979037140350882, 2.8959381415257828, 2.7632807153527716, 2.6498897057904096, 2.5752447286486895, 2.489670303226402, 2.417517613272276, 2.280122700438459, 2.1291829602977597, 2.0069881435537065, 1.949831068330331, 1.8725522785525133, 1.7362212599909899, 1.6202192770878674, 1.5137240135490686, 1.4207846272852915, 1.348501029938331, 1.2626995659706035, 1.1464039839872961, 1.0393216730647175, 0.9251161884924202, 0.8190457002211672, 0.7483798170545453, 0.663171159500827, 0.5522499654919932, 0.4476585910799349, 0.34066576172500446, 0.23799550761673618, 0.1474220973488036, 0.050402582409818604, -1, -1, -1, -1, -1, -1, -1, -1, -1, -1, -1, -1, -1, -1, -1, -1, -1, -1, -1, -1, -1, -1, -1, -1, -1, -1, -1, -1, -1, -1, -1, -1, -1, -1, -1, -1, -1, -1], "target_acc": [-1, -1, -1, -1, -1, -1, -1, -1, -1, -1, -1, -1, -1, -1, -1, -1, -1, -1, -1, -1, -1, -1, -1, -1, -1, -1, -1, -1, -1, -1, -1, -1, -1, -1, -1, -1, -1, -1, -1, -1, -1, -1, -1, -1, -1, -1, -1, -1, -1, -1, -1, -1, -1, -1, -1, -1, -1, -1, -1, -1, -1, -1, -1, -1, -1, -1, -1, -1, -1, -1, -1, -1, -1, -1, -1, -1, -1, -1, -1, -1, -1, -1, -1, -1, -1, -1, -1, -1, -1, -1], "target_ttcr": [-1, -1, -1, -1, -1, -1, -1, -1, -1, -1, -1, -1, -1, -1, -1, -1, -1, -1, -1, -1, -1, -1, -1, -1, -1, -1, -1, -1, -1, -1, -1, -1, -1, -1, -1, -1, -1, -1, -1, -1, -1, -1, -1, -1, -1, -1, -1, -1, -1, -1, -1, -1, -1, -1, -1, -1, -1, -1, -1, -1, -1, -1, -1, -1, -1, -1, -1, -1, -1, -1, -1, -1, -1, -1, -1, -1, -1, -1, -1, -1, -1, -1, -1, -1, -1, -1, -1, -1, -1, -1], "target_d_to_cr": [-1, -1, -1, -1, -1, -1, -1, -1, -1, -1, -1, -1, -1, -1, -1, -1, -1, -1, -1, -1, -1, -1, -1, -1, -1, -1, -1, -1, -1, -1, -1, -1, -1, -1, -1, -1, -1, -1, -1, -1, -1, -1, -1, -1, -1, -1, -1, -1, -1, -1, -1, -1, -1, -1, -1, -1, -1, -1, -1, -1, -1, -1, -1, -1, -1, -1, -1, -1, -1, -1, -1, -1, -1, -1, -1, -1, -1, -1, -1, -1, -1, -1, -1, -1, -1, -1, -1, -1, -1, -1], "target_pos": [-10, -10, -10, -10, -10, -10, -10, -10, -10, -10, -10, -10, -10, -10, -10, -10, -10, -10, -10, -10, -10, -10, -10, -10, -10, -10, -10, -10, -10, -10, -10, -10, -10, -10, -10, -10, -10, -10, -10, -10, -10, -10, -10, -10, -10, -10, -10, -10, -10, -10, -10, -10, -10, -10, -10, -10, -10, -10, -10, -10, -10, -10, -10, -10, -10, -10, -10, -10, -10, -10, -10, -10, -10, -10, -10, -10, -10, -10, -10, -10, -10, -10, -10, -10, -10, -10, -10, -10, -10, -10],