{"exp_name": 1746610974.3933644, "term_cause": "PASSED", "ego": {"decision_time": [-1, -1, -1, -1, -1, -1, -1, -1, -1, -1, -1, -1, -1, -1, -1, -1, -1, -1, -1, -1, -1, -1, -1, -1, -1, -1, -1, -1, -1, -1, -1, -1, -1, -1, -1, -1, -1, -1, -1, -1, -1, -1, -1, -1, -1, -1, -1, -1, -1, -1, -1, -1, -1, -1, -1, -1, -1, -1, -1, -1, -1, -1, -1, -1, -1, -1, -1, -1, -1, -1, -1, -1, -1, -1, -1, -1, -1, -1, -1, -1, -1, -1, -1, -1, -1, -1, -1, -1, -1, -1, -1, -1, -1, -1, -1, -1, -1, -1, -1, -1, -1, -1, -1, -1, -1, -1, -1, -1, -1, -1, -1, -1, -1, -1, -1, -1, -1, -1, -1, -1, -1, -1, -1, -1, -1, -1, -1, -1, -1, -1, -1, -1, -1, -1, -1, -1, -1, -1, -1, -1, -1, -1, -1, -1, -1, -1, -1, -1, -1, -1, -1, -1, -1, -1], "aoi": [-1, -1, -1, -1, -1, -1, -1, -1, -1, -1, -1, -1, -1, -1, -1, -1, -1, -1, -1, -1, -1, -1, -1, -1, -1, -1, -1, -1, -1, -1, -1, -1, -1, -1, -1, -1, -1, -1, -1, -1, -1, -1, -1, -1, -1, -1, -1, -1, -1, -1, -1, -1, -1, -1, -1, -1, -1, -1, -1, -1, -1, -1, -1, -1, -1, -1, -1, -1, -1, -1, -1, -1, -1, -1, -1, -1, -1, -1, -1, -1, -1, -1, -1, -1, -1, -1, -1, -1, -1, -1, -1, -1, -1, -1, -1, -1, -1, -1, -1, -1, -1, -1, -1, -1, -1, -1, -1, -1, -1, -1, -1, -1, -1, -1, -1, -1, -1, -1, -1, -1, -1, -1, -1, -1, -1, -1, -1, -1, -1, -1, -1, -1, -1, -1, -1, -1, -1, -1, -1, -1, -1, -1, -1, -1, -1, -1, -1, -1, -1, -1, -1, -1, -1, -1], "ego_tactical_speed": [1.0, 1.0, 1.0, 1.0, 1.0, 1.0, 1.0, 1.0, 1.0, 1.0, 1.0, 1.0, 1.0, 1.0, 1.0, 1.0, 1.0, 1.0, 1.0, 1.0, 1.0, 1.0, 1.0, 1.0, 1.0, 1.0, 1.0, 1.0, 1.0, 1.0, 1.0, 1.0, 1.0, 1.0, 1.0, 1.0, 1.0, 1.0, 1.0, 1.0, 1.0, 1.0, 1.0, 1.0, 1.0, 1.0, 1.0, 1.0, 1.0, 1.0, 1.0, 1.0, 1.0, 1.0, 1.0, 1.0, 1.0, 1.0, 1.0, 1.0, 1.0, 1.0, 1.0, 1.0, 1.0, 1.0, 1.0, 1.0, 1.0, 1.0, 1.0, 1.0, 1.0, 1.0, 1.0, 1.0, 1.0, 1.0, 1.0, 1.0, 1.0, 1.0, 1.0, 1.0, 1.0, 1.0, 1.0, 1.0, 1.0, 1.0, 1.0, 1.0, 1.0, 1.0, 1.0, 1.0, 1.0, 1.0, 1.0, 1.0, 1.0, 1.0, 1.0, 1.0, 1.0, 1.0, 1.0, 1.0, 1.0, 1.0, 1.0, 1.0, 1.0, 1.0, 1.0, 1.0, 1.0, 1.0, 1.0, 1.0, 1.0, 1.0, 1.0, 1.0, 1.0, 1.0, 1.0, 1.0, 1.0, 1.0, 1.0, 1.0, 1.0, 1.0, 1.0, 1.0, 1.0, 1.0, 1.0, 1.0, 1.0, 1.0, 1.0, 1.0, 1.0, 1.0, 1.0, 1.0, 1.0, 1.0, 1.0, 1.0, 1.0, 1.0], "ego_front_d": [0.3599999999987329, 0.3599999999987329, 0.3855422037528875, 0.4379538109821084, 0.4980998607221512, 0.5488280625329924, 0.5946617443989712, 0.6363142984280401, 0.6765227555545943, 0.7143590012828049, 0.7514400565709405, 0.787636147820514, 0.8236648883380662, 0.8981888500967106, 0.9871699543417929, 1.0745137566556724, 1.1593741539503175, 1.2461036224563737, 1.3328705131634977, 1.4165388223333024, 1.498917974356604, 1.5889649175696308, 1.682127134466263, 1.768148137559975, 1.8517292985476437, 1.9391775456984446, 2.0288333427025678, 2.1105343178664917, 2.187387521278805, 2.270334279910777, 2.355469955682359, 2.4318802634050773, 2.504440070007421, 2.5811303127055307, 2.659911892567022, 2.7288999761265664, 2.794918926334634, 2.8685769525536124, 2.9453979724784722, 3.014369026804111, 3.080208453753585, 3.1471252276757453, 3.2148338744088183, 3.278537487128362, 3.3309525272826965, 3.380246708825228, 3.432030579234279, 3.484126457631629, 3.5363161467975854, 3.583070725461011, 3.6370927789591945, 3.7032762142453906, 3.7705251595475655, 3.8143596000404, 3.8487598335213162, 3.8733894106918103, 3.8953054491484473, 3.930650004901782, 3.9714850811789506, 4.004535113748206, 4.034391320354122, 4.062147735335705, 4.089592371054637, 4.118824928007999, 4.148864177810169, 4.189321506829989, 4.233558169850007, 4.2727078288263005, 4.30957214825002, 4.340725421528621, 4.3699386861374006, 4.401014176751472, 4.433072089139923, 4.458149620971465, 4.480677807656901, 4.510534676691771, 4.543387818828748, 4.579351010764345, 4.616242415200665, 4.647134782748674, 4.675666735386748, 4.704647679016246, 4.733909052796509, 4.777885410895954, 4.827262447195831, 4.884257461210067, 4.954844561375979, 5.006708348327425, 5.03255958069754, 5.047114774218621, 5.059286112652483, 5.084332788278812, 5.114767964430121, 5.146841902358996, 5.181236206133989, 5.21119780026244, 5.239306373776188, 5.266229635972594, 5.292304208436803, 5.330459446082758, 5.371367797555512, 5.407053499771952, 5.440443445428839, 5.476448073672905, 5.518844158604805, 5.5618363991834645, 5.592376674820537, 5.623573187743805, 5.661339785878075, 5.697021950906722, 5.725803501882936, 5.757808025581376, 5.788496596124034, 5.817065926555848, 5.841774326488553, 5.867010829834971, 5.894832996309301, 5.925212269074924, 5.9596925128629366, 5.994141894529395, 6.027178219470109, 6.058480448366158, 6.08718451817197, 6.120837342528894, 6.16562535944232, 6.2068120971817855, 6.236696863238546, 6.25720894651506, 6.278499576316481, 6.295226175489439, 6.310525598795525, 6.330585449145628, 6.357627748376489, 6.392535707626932, 6.431387963657755, 6.4679509735648, 6.498844308135606, 6.52766773048414, 6.554850426893809, 6.584101688360873, 6.618110106226311, 6.647028440835333, 6.674451985808805, 6.7016411465043415, 6.729308505891803, 6.758699137640315, 6.791384092464803, 6.824171162800493, 6.857407153433805, 6.889160330380792, 6.918010993750453, 6.9460574714109775, 6.973787050565647, 7.004086112928599], "ego_pos": [-10, -10, -10, -10, -10, -10, -10, -10, -10, -10, -10, -10, -10, -10, -10, -10, -10, -10, -10, -10, -10, -10, -10, -10, -10, -10, -10, -10, -10, -10, -10, -10, -10, -10, -10, -10, -10, -10, -10, -10, -10, -10, -10, -10, -10, -10, -10, -10, -10, -10, -10, -10, -10, -10, -10, -10, -10, -10, -10, -10, -10, -10, -10, -10, -10, -10, -10, -10, -10, -10, -10, -10, -10, -10, -10, -10, -10, -10, -10, -10, -10, -10, -10, -10, -10, -10, -10, -10, -10, -10, -10, -10, -10, -10, -10, -10, -10, -10, -10, -10, -10, -10, -10, -10, -10, -10, -10, -10, -10, -10, -10, -10, -10, -10, -10, -10, -10, -10, -10, -10, -10, -10, -10, -10, -10, -10, -10, -10, -10, -10, -10, -10, -10, -10, -10, -10, -10, -10, -10, -10, -10, -10, -10, -10, -10, -10, -10, -10, -10, -10, -10, -10, -10, -10], "ego_pred_go_pos": [-10, -10, -10, -10, -10, -10, -10, -10, -10, -10, -10, -10, -10, -10, -10, -10, -10, -10, -10, -10, -10, -10, -10, -10, -10, -10, -10, -10, -10, -10, -10, -10, -10, -10, -10, -10, -10, -10, -10, -10, -10, -10, -10, -10, -10, -10, -10, -10, -10, -10, -10, -10, -10, -10, -10, -10, -10, -10, -10, -10, -10, -10, -10, -10, -10, -10, -10, -10, -10, -10, -10, -10, -10, -10, -10, -10, -10, -10, -10, -10, -10, -10, -10, -10, -10, -10, -10, -10, -10, -10, -10, -10, -10, -10, -10, -10, -10, -10, -10, -10, -10, -10, -10, -10, -10, -10, -10, -10, -10, -10, -10, -10, -10, -10, -10, -10, -10, -10, -10, -10, -10, -10, -10, -10, -10, -10, -10, -10, -10, -10, -10, -10, -10, -10, -10, -10, -10, -10, -10, -10, -10, -10, -10, -10, -10, -10, -10, -10, -10, -10, -10, -10, -10, -10],