{"exp_name": 1746543225.0944245, "term_cause": "PASSED", "ego": {"decision_time": [-1, -1, -1, -1, -1, -1, -1, -1, -1, -1, -1, -1, -1, -1, -1, -1, -1, -1, -1, -1, -1, -1, -1, -1, -1, -1, -1, -1, -1, -1, -1, -1, -1, -1, -1, -1, -1, -1, -1, -1, -1, -1, -1, -1, -1, -1, -1, -1, -1, -1, -1, -1, -1, -1, -1, -1, -1, -1, -1, -1, -1, -1, -1, -1, -1, -1, -1, -1, -1, -1, -1, -1, -1, -1, -1, -1, -1, -1, -1, -1, -1, -1, -1, -1, -1, -1, -1, -1, -1, -1, -1, -1, -1, -1, -1], "aoi": [-1, -1, -1, -1, -1, -1, -1, -1, -1, -1, -1, -1, -1, -1, -1, -1, -1, -1, -1, -1, -1, -1, -1, -1, -1, -1, -1, -1, -1, -1, -1, -1, -1, -1, -1, -1, -1, -1, -1, -1, -1, -1, -1, -1, -1, -1, -1, -1, -1, -1, -1, -1, -1, -1, -1, -1, -1, -1, -1, -1, -1, -1, -1, -1, -1, -1, -1, -1, -1, -1, -1, -1, -1, -1, -1, -1, -1, -1, -1, -1, -1, -1, -1, -1, -1, -1, -1, -1, -1, -1, -1, -1, -1, -1, -1], "ego_tactical_speed": [0.0, 0.0, 0.0, 0.0, 0.0, 0.0, 0.0, 1.0, 1.0, 1.0, 1.0, 1.0, 1.0, 1.0, 1.0, 1.0, 1.0, 1.0, 1.0, 1.0, 1.0, 1.0, 1.0, 1.0, 1.0, 1.0, 1.0, 1.0, 1.0, 1.0, 1.0, 1.0, 1.0, 1.0, 1.0, 1.0, 1.0, 1.0, 1.0, 1.0, 1.0, 1.0, 1.0, 1.0, 1.0, 1.0, 1.0, 1.0, 1.0, 1.0, 1.0, 1.0, 1.0, 1.0, 1.0, 1.0, 1.0, 1.0, 1.0, 1.0, 1.0, 1.0, 1.0, 1.0, 1.0, 1.0, 1.0, 1.0, 1.0, 1.0, 1.0, 1.0, 1.0, 1.0, 1.0, 1.0, 1.0, 1.0, 1.0, 1.0, 1.0, 1.0, 1.0, 1.0, 1.0, 1.0, 1.0, 1.0, 1.0, 1.0, 1.0, 1.0, 1.0, 1.0, 1.0], "ego_front_d": [-1, -1, -1, -1, -1, -1, -1, 0.3599999999987329, 0.3599999999987329, 0.3599999999987329, 0.3599999999987329, 0.3691569164376416, 0.3971345066380101, 0.43675260930511417, 0.4923295168596331, 0.5535543044276219, 0.621716806405578, 0.6943673197797562, 0.7742784631579127, 0.8554376608048226, 0.9357729570052582, 1.015899406411949, 1.0953449422190231, 1.1778938234846383, 1.255113276255027, 1.3367707203024124, 1.4208660516629066, 1.5041147746299064, 1.5836086710713606, 1.6635363441662503, 1.745905694986083, 1.8287843386017335, 1.9112209240584601, 1.992483026593224, 2.0726326594410165, 2.1544611500765485, 2.2398708714137077, 2.324739549463254, 2.407709333876793, 2.489157346344129, 2.5701142110354085, 2.650505607738685, 2.7294328316350107, 2.809998128962233, 2.89332744611578, 2.976040847583955, 3.0573614224850125, 3.13801782555514, 3.2202006814551183, 3.3036934754261, 3.3896213294620265, 3.4729246736309762, 3.5516222631536736, 3.6311024186600966, 3.7132901325047416, 3.7965841540464416, 3.8837668113730754, 3.9680578437612373, 4.048648610010096, 4.1293091006466565, 4.212929044628121, 4.298032163630113, 4.382621125108104, 4.466154723291426, 4.544668743523994, 4.587517660978969, 4.702961247720271, 4.784344348479001, 4.868555043366097, 4.954609927173739, 5.036139872032255, 5.1156691800471625, 5.197756398486717, 5.280146342100452, 5.364163451374637, 5.4474672039374985, 5.528788290835649, 5.610088904259156, 5.692288442730552, 5.774069308931457, 5.857792746863074, 5.944438042821279, 6.0222198466508665, 6.103825005854782, 6.185426253909927, 6.269796726986552, 6.35531996940874, 6.44058980341083, 6.521996741069897, 6.603550929703994, 6.686668399999959, 6.770840754428125, 6.85806493626645, 6.943147176251145, 7.026360133896649], "ego_pos": [-10, -10, -10, -10, -10, -10, -10, -10, -10, -10, -10, -10, -10, -10, -10, -10, -10, -10, -10, -10, -10, -10, -10, -10, -10, -10, -10, -10, -10, -10, -10, -10, -10, -10, -10, -10, -10, -10, -10, -10, -10, -10, -10, -10, -10, -10, -10, -10, -10, -10, -10, -10, -10, -10, -10, -10, -10, -10, -10, -10, -10, -10, -10, -10, -10, -10, -10, -10, -10, -10, -10, -10, -10, -10, -10, -10, -10, -10, -10, -10, -10, -10, -10, -10, -10, -10, -10, -10, -10, -10, -10, -10, -10, -10, -10], "ego_pred_go_pos": [-10, -10, -10, -10, -10, -10, -10, -10, -10, -10, -10, -10, -10, -10, -10, -10, -10, -10, -10, -10, -10, -10, -10, -10, -10, -10, -10, -10, -10, -10, -10, -10, -10, -10, -10, -10, -10, -10, -10, -10, -10, -10, -10, -10, -10, -10, -10, -10, -10, -10, -10, -10, -10, -10, -10, -10, -10, -10, -10, -10, -10, -10, -10, -10, -10, -10, -10, -10, -10, -10, -10, -10, -10, -10, -10, -10, -10, -10, -10, -10, -10, -10, -10, -10, -10, -10, -10, -10, -10, -10, -10, -10, -10, -10, -10], "ego_d_to_cr": [-1, -1, -1, -1, -1, -1, -1, 3.640000000001267, 3.640000000001267, 3.640000000001267, 3.640000000001267, 3.6308430835623584, 3.60286549336199, 3.563247390694886, 3.507670483140367, 3.446445695572378, 3.378283193594422, 3.305632680220244, 3.2257215368420873, 3.1445623391951774, 3.064227042994742, 2.984100593588051, 2.904655057780977, 2.8221061765153617, 2.744886723744973, 2.6632292796975876, 2.5791339483370934, 2.4958852253700936, 2.4163913289286394, 2.3364636558337497, 2.254094305013917, 2.1712156613982665, 2.08877907594154, 2.007516973406776, 1.9273673405589835, 1.8455388499234515, 1.7601291285862923, 1.6752604505367459, 1.592290666123207, 1.510842653655871, 1.4298857889645915, 1.349494392261315, 1.2705671683649893, 1.190001871037767, 1.10667255388422, 1.0239591524160452, 0.9426385775149875, 0.8619821744448601, 0.7797993185448817, 0.6963065245739002, 0.6103786705379735, 0.5270753263690238, 0.4483777368463264, 0.36889758133990336, 0.2867098674952584, 0.20341584595355844, 0.11623318862692456, 0.03194215623876273, -1, -1, -1, -1, -1, -1, -1, -1, -1, -1, -1, -1, -1, -1, -1, -1, -1, -1, -1, -1, -1, -1, -1, -1, -1, -1, -1, -1, -1, -1, -1, -1, -1, -1, -1, -1, -1], "ego_ttcr": [-1, -1, -1, -1, -1, -1, -1, 100000000, 100000000, 100000000, 100000000, 7.261686167124717, 7.20573098672398, 7.126494781389772, 7.015340966280734, 6.4142534651445295, 5.5616272177538795, 4.849855432383752, 4.324475667200555, 4.035573272859797, 3.8476172013748866, 3.71724038022901, 3.6116356626361954, 3.4721843123661027, 3.369202083456089, 3.2086851627701183, 3.0494866583258355, 2.987064856626916, 2.955097004767342, 2.840413134956108, 2.7011567180347145, 2.5955827182429156, 2.50256202630985, 2.429480737733359, 2.3593341318399124, 2.219649082302755, 2.0658806854191845, 1.9721666249896161, 1.8974207252496618, 1.8196672011832575, 1.737043328711557, 1.6575904723578594, 1.5768782648694772, 1.458961132988518, 1.3327859254412688, 1.2384731195920493, 1.1532405091627784, 1.0516181284325028, 0.9444572807366828, 0.8315709372165826, 0.7187428035722288, 0.6336291846253904, 0.5556800599444652, 0.456148998606741, 0.3498437872524043, 0.2429783563938448, 0.13601272704570153, 0.03794942657345651, -1, -1, -1, -1, -1, -1, -1, -1, -1, -1, -1, -1, -1, -1, -1, -1, -1, -1, -1, -1, -1, -1, -1, -1, -1, -1, -1, -1, -1, -1, -1, -1, -1, -1, -1, -1, -1], "target_acc": [-1, -1, -1, -1, -1, -1, -1, -1, -1, -1, -1, -1, -1, -1, -1, -1, -1, -1, -1, -1, -1, -1, -1, -1, -1, -1, -1, -1, -1, -1, -1, -1, -1, -1, -1, -1, -1, -1, -1, -1, -1, -1, -1, -1, -1, -1, -1, -1, -1, -1, -1, -1, -1, -1, -1, -1, -1, -1, -1, -1, -1, -1, -1, -1, -1, -1, -1, -1, -1, -1, -1, -1, -1, -1, -1, -1, -1, -1, -1, -1, -1, -1, -1, -1, -1, -1, -1, -1, -1, -1, -1, -1, -1, -1, -1], "target_ttcr": [-1, -1, -1, -1, -1, -1, -1, -1, -1, -1, -1, -1, -1, -1, -1, -1, -1, -1, -1, -1, -1, -1, -1, -1, -1, -1, -1, -1, -1, -1, -1, -1, -1, -1, -1, -1, -1, -1, -1, -1, -1, -1, -1, -1, -1, -1, -1, -1, -1, -1, -1, -1, -1, -1, -1, -1, -1, -1, -1, -1, -1, -1, -1, -1, -1, -1, -1, -1, -1, -1, -1, -1, -1, -1, -1, -1, -1, -1, -1, -1, -1, -1, -1, -1, -1, -1, -1, -1, -1, -1, -1, -1, -1, -1, -1], "target_d_to_cr": [-1, -1, -1, -1, -1, -1, -1, -1, -1, -1, -1, -1, -1, -1, -1, -1, -1, -1, -1, -1, -1, -1, -1, -1, -1, -1, -1, -1, -1, -1, -1, -1, -1, -1, -1, -1, -1, -1, -1, -1, -1, -1, -1, -1, -1, -1, -1, -1, -1, -1, -1, -1, -1, -1, -1, -1, -1, -1, -1, -1, -1, -1, -1, -1, -1, -1, -1, -1, -1, -1, -1, -1, -1, -1, -1, -1, -1, -1, -1, -1, -1, -1, -1, -1, -1, -1, -1, -1, -1, -1, -1, -1, -1, -1, -1],