{"exp_name": 1746539857.5313215, "term_cause": "PASSED", "ego": {"decision_time": [-1, -1, -1, -1, -1, -1, -1, -1, -1, -1, -1, -1, -1, -1, -1, -1, -1, -1, -1, -1, -1, -1, -1, -1, -1, -1, -1, -1, -1, -1, -1, -1, -1, -1, -1, -1, -1, -1, -1, -1, -1, -1, -1, -1, -1, -1, -1, -1, -1, -1, -1, -1, -1, -1, -1, -1, -1, -1, -1, -1, -1, -1, -1, -1, -1, -1, -1, -1, -1, -1, -1, -1, -1, -1, -1, -1, -1, -1, -1, -1, -1, -1, -1, -1, -1, -1, -1, -1, -1, -1, -1, -1, -1, -1, -1, -1, -1, -1, -1, -1, -1, -1, -1, -1, -1, -1, -1, -1, -1, -1, -1, -1, -1, -1, -1, -1, -1, -1, -1, -1, -1, -1, -1, -1, -1, -1, -1], "aoi": [-1, -1, -1, -1, -1, -1, -1, -1, -1, -1, -1, -1, -1, -1, -1, -1, -1, -1, -1, -1, -1, -1, -1, -1, -1, -1, -1, -1, -1, -1, -1, -1, -1, -1, -1, -1, -1, -1, -1, -1, -1, -1, -1, -1, -1, -1, -1, -1, -1, -1, -1, -1, -1, -1, -1, -1, -1, -1, -1, -1, -1, -1, -1, -1, -1, -1, -1, -1, -1, -1, -1, -1, -1, -1, -1, -1, -1, -1, -1, -1, -1, -1, -1, -1, -1, -1, -1, -1, -1, -1, -1, -1, -1, -1, -1, -1, -1, -1, -1, -1, -1, -1, -1, -1, -1, -1, -1, -1, -1, -1, -1, -1, -1, -1, -1, -1, -1, -1, -1, -1, -1, -1, -1, -1, -1, -1, -1], "ego_tactical_speed": [1.0, 1.0, 1.0, 1.0, 1.0, 1.0, 1.0, 1.0, 1.0, 1.0, 1.0, 1.0, 1.0, 1.0, 1.0, 1.0, 1.0, 1.0, 1.0, 1.0, 1.0, 1.0, 1.0, 1.0, 1.0, 1.0, 1.0, 1.0, 1.0, 1.0, 1.0, 1.0, 1.0, 1.0, 1.0, 1.0, 1.0, 1.0, 1.0, 1.0, 1.0, 1.0, 1.0, 1.0, 1.0, 1.0, 1.0, 1.0, 1.0, 1.0, 1.0, 1.0, 1.0, 1.0, 1.0, 1.0, 1.0, 1.0, 1.0, 1.0, 1.0, 1.0, 1.0, 1.0, 1.0, 1.0, 1.0, 1.0, 1.0, 1.0, 1.0, 1.0, 1.0, 1.0, 1.0, 1.0, 1.0, 1.0, 1.0, 1.0, 1.0, 1.0, 1.0, 1.0, 1.0, 1.0, 1.0, 1.0, 1.0, 1.0, 1.0, 1.0, 1.0, 1.0, 1.0, 1.0, 1.0, 1.0, 1.0, 1.0, 1.0, 1.0, 1.0, 1.0, 1.0, 1.0, 1.0, 1.0, 1.0, 1.0, 1.0, 1.0, 1.0, 1.0, 1.0, 1.0, 1.0, 1.0, 1.0, 1.0, 1.0, 1.0, 1.0, 1.0, 1.0, 1.0, 1.0], "ego_front_d": [0.3599999999987329, 0.3599999999987329, 0.3599999999987329, 0.3599999999987329, 0.3599999999987329, 0.39099742896695133, 0.48613938876249024, 0.5949349298816511, 0.7060041001894088, 0.8154401225762236, 0.9240606701089753, 1.032184688030675, 1.1409519626248006, 1.2513600454649243, 1.354164060623546, 1.4578684656795993, 1.5586227958079473, 1.660078794167771, 1.7630651386951808, 1.868035987481906, 1.9757177712229856, 2.0837873004636442, 2.1918301713899835, 2.301402634361558, 2.4142386643867337, 2.522473562883507, 2.62077389561958, 2.7193486724408222, 2.8223759431735296, 2.925100051157743, 3.024765661324934, 3.1240929612023614, 3.2237325064615785, 3.325821707180094, 3.432678396106322, 3.541217527370117, 3.6510028223766704, 3.759514675491454, 3.865063914551856, 3.967615099068893, 4.065524205038241, 4.164470282155894, 4.267440310872292, 4.372931458229503, 4.4818157578957045, 4.591443908723314, 4.70133908583387, 4.811687146869294, 4.9229559682372885, 5.030434258428594, 5.130002711037825, 5.231430108359506, 5.339561396505115, 5.446457568917083, 5.547847417808093, 5.648713974069832, 5.750926572696221, 5.85387006630093, 5.957656508527453, 6.061144499119411, 6.163471642008032, 6.267377034838909, 6.374839631191671, 6.481036895201511, 6.583308591428543, 6.68484702597455, 6.786111616492316, 6.888428704020985, 6.992597676863616, 7.097008457109016, 7.201075935283681, 7.309611343231068, 7.427462643376685, 7.541023501036272, 7.642958973376806, 7.743132970349632, 7.844814747242105, 7.946372550559669, 8.04680996771193, 8.150344545448705, 8.260295398074136, 8.369560842115618, 8.475449289611861, 8.580118610986853, 8.683955987263817, 8.791171980413967, 8.905583658435221, 9.017015123235375, 9.119424971611515, 9.221033532653745, 9.3246157775813, 9.428785103164273, 9.533196469141261, 9.63744856002525, 9.741299780681993, 9.847879104142303, 9.959738993918888, 10.070086196848658, 10.175428139176285, 10.278478076527627, 10.378868743777078, 10.478792675622136, 10.578936744882483, 10.68204214379441, 10.790873920211007, 10.902400368371799, 11.016654554849373, 11.126269697325338, 11.22527012836447, 11.323434178373795, 11.423931451081693, 11.526044325729695, 11.630216738396568, 11.735184457396421, 11.840898688208592, 11.945137837583522, 12.046105350520456, 12.146427797104032, 12.2471907918563, 12.352161219386279, 12.465443881732652, 12.576830734186698, 12.680955402620913, 12.7836635436731, 12.886516599758105, 12.98918594528678, 13.091268538390526], "ego_pos": [-10, -10, -10, -10, -10, -10, -10, -10, -10, -10, -10, -10, -10, -10, -10, -10, -10, -10, -10, -10, -10, -10, -10, -10, -10, -10, -10, -10, -10, -10, -10, -10, -10, -10, -10, -10, -10, -10, -10, -10, -10, -10, -10, -10, -10, -10, -10, -10, -10, -10, -10, -10, -10, -10, -10, -10, -10, -10, -10, -10, -10, -10, -10, -10, -10, -10, -10, -10, -10, -10, -10, -10, -10, -10, -10, -10, -10, -10, -10, -10, -10, -10, -10, -10, -10, -10, -10, -10, -10, -10, -10, -10, -10, -10, -10, -10, -10, -10, -10, -10, -10, -10, -10, -10, -10, -10, -10, -10, -10, -10, -10, -10, -10, -10, -10, -10, -10, -10, -10, -10, -10, -10, -10, -10, -10, -10, -10], "ego_pred_go_pos": [-10, -10, -10, -10, -10, -10, -10, -10, -10, -10, -10, -10, -10, -10, -10, -10, -10, -10, -10, -10, -10, -10, -10, -10, -10, -10, -10, -10, -10, -10, -10, -10, -10, -10, -10, -10, -10, -10, -10, -10, -10, -10, -10, -10, -10, -10, -10, -10, -10, -10, -10, -10, -10, -10, -10, -10, -10, -10, -10, -10, -10, -10, -10, -10, -10, -10, -10, -10, -10, -10, -10, -10, -10, -10, -10, -10, -10, -10, -10, -10, -10, -10, -10, -10, -10, -10, -10, -10, -10, -10, -10, -10, -10, -10, -10, -10, -10, -10, -10, -10, -10, -10, -10, -10, -10, -10, -10, -10, -10, -10, -10, -10, -10, -10, -10, -10, -10, -10, -10, -10, -10, -10, -10, -10, -10, -10, -10], "ego_d_to_cr": [7.647000000001267, 7.647000000001267, 7.647000000001267, 7.647000000001267, 7.647000000001267, 7.616002571033048, 7.520860611237509, 7.412065070118349, 7.300995899810591, 7.191559877423776, 7.082939329891024, 6.974815311969325, 6.866048037375199, 6.755639954535075, 6.652835939376454, 6.5491315343204, 6.448377204192052, 6.346921205832229, 6.243934861304819, 6.138964012518094, 6.031282228777014, 5.923212699536355, 5.815169828610016, 5.705597365638441, 5.592761335613266, 5.484526437116493, 5.38622610438042, 5.287651327559177, 5.18462405682647, 5.081899948842256, 4.982234338675066, 4.882907038797638, 4.783267493538421, 4.681178292819906, 4.574321603893678, 4.465782472629883, 4.35599717762333, 4.2474853245085455, 4.141936085448144, 4.039384900931107, 3.9414757949617583, 3.842529717844106, 3.7395596891277076, 3.634068541770497, 3.525184242104295, 3.4155560912766854, 3.30566091416613, 3.195312853130706, 3.084044031762711, 2.976565741571406, 2.8769972889621744, 2.775569891640494, 2.667438603494885, 2.560542431082917, 2.4591525821919067, 2.358286025930168, 2.256073427303779, 2.15312993369907, 2.0493434914725466, 1.9458555008805885, 1.8435283579919677, 1.7396229651610904, 1.6321603688083286, 1.525963104798489, 1.4236914085714565, 1.3221529740254496, 1.2208883835076838, 1.1185712959790148, 1.014402323136384, 0.9099915428909835, 0.8059240647163186, 0.6973886567689318, 0.5795373566233151, 0.4659764989637276, 0.3640410266231937, 0.2638670296503678, 0.16218525275789464, 0.060627449440330494, -1, -1, -1, -1, -1, -1, -1, -1, -1, -1, -1, -1, -1, -1, -1, -1, -1, -1, -1, -1, -1, -1, -1, -1, -1, -1, -1, -1, -1, -1, -1, -1, -1, -1, -1, -1, -1, -1, -1, -1, -1, -1, -1, -1, -1, -1, -1, -1, -1],