{"exp_name": 1746544095.0906713, "term_cause": "PASSED", "ego": {"decision_time": [-1, -1, -1, -1, -1, -1, -1, -1, -1, -1, -1, -1, -1, -1, -1, -1, -1, -1, -1, -1, -1, -1, -1, -1, -1, -1, -1, -1, -1, -1, -1, -1, -1, -1, -1, -1, -1, -1, -1, -1, -1, -1, -1, -1, -1, -1, -1, -1, -1, -1, -1, -1, -1, -1, -1, -1, -1, -1, -1, -1, -1, -1, -1, -1, -1, -1, -1, -1, -1, -1, -1, -1, -1, -1, -1, -1, -1, -1, -1, -1, -1, -1, -1, -1, -1, -1, -1, -1, -1, -1, -1, -1, -1, -1, -1, -1, -1, -1, -1, -1, -1, -1, -1, -1, -1, -1, -1, -1, -1, -1, -1, -1, -1, -1, -1], "aoi": [-1, -1, -1, -1, -1, -1, -1, -1, -1, -1, -1, -1, -1, -1, -1, -1, -1, -1, -1, -1, -1, -1, -1, -1, -1, -1, -1, -1, -1, -1, -1, -1, -1, -1, -1, -1, -1, -1, -1, -1, -1, -1, -1, -1, -1, -1, -1, -1, -1, -1, -1, -1, -1, -1, -1, -1, -1, -1, -1, -1, -1, -1, -1, -1, -1, -1, -1, -1, -1, -1, -1, -1, -1, -1, -1, -1, -1, -1, -1, -1, -1, -1, -1, -1, -1, -1, -1, -1, -1, -1, -1, -1, -1, -1, -1, -1, -1, -1, -1, -1, -1, -1, -1, -1, -1, -1, -1, -1, -1, -1, -1, -1, -1, -1, -1], "ego_tactical_speed": [0.0, 0.0, 0.0, 0.0, 0.0, 0.0, 0.0, 0.0, 0.0, 0.0, 0.0, 0.0, 0.0, 0.0, 2.0, 2.0, 2.0, 2.0, 2.0, 2.0, 2.0, 2.0, 2.0, 2.0, 2.0, 2.0, 2.0, 2.0, 2.0, 2.0, 2.0, 2.0, 2.0, 2.0, 2.0, 2.0, 2.0, 2.0, 2.0, 2.0, 2.0, 2.0, 2.0, 2.0, 2.0, 2.0, 2.0, 2.0, 2.0, 2.0, 2.0, 2.0, 2.0, 2.0, 2.0, 2.0, 2.0, 2.0, 2.0, 2.0, 2.0, 2.0, 2.0, 2.0, 2.0, 2.0, 2.0, 2.0, 2.0, 2.0, 2.0, 2.0, 2.0, 2.0, 2.0, 2.0, 2.0, 2.0, 2.0, 2.0, 2.0, 2.0, 2.0, 2.0, 2.0, 2.0, 2.0, 2.0, 2.0, 2.0, 2.0, 2.0, 2.0, 2.0, 2.0, 2.0, 2.0, 2.0, 2.0, 2.0, 2.0, 2.0, 2.0, 2.0, 2.0, 2.0, 2.0, 2.0, 2.0, 2.0, 2.0, 2.0, 2.0, 2.0, 2.0], "ego_front_d": [-1, -1, -1, -1, -1, -1, -1, -1, -1, -1, -1, -1, -1, -1, 0.3599999999987329, 0.3599999999987329, 0.3599999999987329, 0.3599999999987329, 0.3599999999987329, 0.3599999999987329, 0.3599999999987329, 0.3599999999987329, 0.3599999999987329, 0.3599999999987329, 0.3599999999987329, 0.3599999999987329, 0.3599999999987329, 0.3599999999987329, 0.3599999999987329, 0.3599999999987329, 0.3599999999987329, 0.3599999999987329, 0.3599999999987329, 0.3599999999987329, 0.3599999999987329, 0.3599999999987329, 0.3599999999987329, 0.3599999999987329, 0.3599999999987329, 0.3599999999987329, 0.3599999999987329, 0.3599999999987329, 0.3599999999987329, 0.3599999999987329, 0.3599999999987329, 0.3599999999987329, 0.3599999999987329, 0.3599999999987329, 0.3599999999987329, 0.3599999999987329, 0.3599999999987329, 0.3599999999987329, 0.3599999999987329, 0.3599999999987329, 0.3599999999987329, 0.3599999999987329, 0.3599999999987329, 0.3599999999987329, 0.3599999999987329, 0.3599999999987329, 0.3599999999987329, 0.3599999999987329, 0.3599999999987329, 0.3599999999987329, 0.3599999999987329, 0.3599999999987329, 0.3599999999987329, 0.3599999999987329, 0.3599999999987329, 0.3599999999987329, 0.3599999999987329, 0.3599999999987329, 0.3599999999987329, 0.3725595611315562, 0.4104370101741477, 0.4764866917873345, 0.5898210190405191, 0.7211889355325907, 0.8716510233739632, 1.026345309859526, 1.1851070967182467, 1.3474425991414969, 1.5172679646100309, 1.6879706158210834, 1.859901581276063, 2.030785489053615, 2.2007661830669325, 2.3714458053111467, 2.544603324877386, 2.7195143228645735, 2.89597732271477, 3.070529617339449, 3.2409881801408535, 3.4107499280511617, 3.5816486636993328, 3.754782214484514, 3.929640290531212, 4.104962283988222, 4.278861585084885, 4.451049635970154, 4.622918368058218, 4.79537042514054, 4.968129145429646, 5.140900094559521, 5.312752883499649, 5.4855712355882655, 5.6608670805046035, 5.838531646139499, 6.0204165213991825, 6.199628279059903, 6.372168138442623, 6.542145969197531, 6.710214355918772, 6.881411696765271, 7.059074350566354], "ego_pos": [-10, -10, -10, -10, -10, -10, -10, -10, -10, -10, -10, -10, -10, -10, -10, -10, -10, -10, -10, -10, -10, -10, -10, -10, -10, -10, -10, -10, -10, -10, -10, -10, -10, -10, -10, -10, -10, -10, -10, -10, -10, -10, -10, -10, -10, -10, -10, -10, -10, -10, -10, -10, -10, -10, -10, -10, -10, -10, -10, -10, -10, -10, -10, -10, -10, -10, -10, -10, -10, -10, -10, -10, -10, -10, -10, -10, -10, -10, -10, -10, -10, -10, -10, -10, -10, -10, -10, -10, -10, -10, -10, -10, -10, -10, -10, -10, -10, -10, -10, -10, -10, -10, -10, -10, -10, -10, -10, -10, -10, -10, -10, -10, -10, -10, -10], "ego_pred_go_pos": [-10, -10, -10, -10, -10, -10, -10, -10, -10, -10, -10, -10, -10, -10, -10, -10, -10, -10, -10, -10, -10, -10, -10, -10, -10, -10, -10, -10, -10, -10, -10, -10, -10, -10, -10, -10, -10, -10, -10, -10, -10, -10, -10, -10, -10, -10, -10, -10, -10, -10, -10, -10, -10, -10, -10, -10, -10, -10, -10, -10, -10, -10, -10, -10, -10, -10, -10, -10, -10, -10, -10, -10, -10, -10, -10, -10, -10, -10, -10, -10, -10, -10, -10, -10, -10, -10, -10, -10, -10, -10, -10, -10, -10, -10, -10, -10, -10, -10, -10, -10, -10, -10, -10, -10, -10, -10, -10, -10, -10, -10, -10, -10, -10, -10, -10], "ego_d_to_cr": [-1, -1, -1, -1, -1, -1, -1, -1, -1, -1, -1, -1, -1, -1, 3.640000000001267, 3.640000000001267, 3.640000000001267, 3.640000000001267, 3.640000000001267, 3.640000000001267, 3.640000000001267, 3.640000000001267, 3.640000000001267, 3.640000000001267, 3.640000000001267, 3.640000000001267, 3.640000000001267, 3.640000000001267, 3.640000000001267, 3.640000000001267, 3.640000000001267, 3.640000000001267, 3.640000000001267, 3.640000000001267, 3.640000000001267, 3.640000000001267, 3.640000000001267, 3.640000000001267, 3.640000000001267, 3.640000000001267, 3.640000000001267, 3.640000000001267, 3.640000000001267, 3.640000000001267, 3.640000000001267, 3.640000000001267, 3.640000000001267, 3.640000000001267, 3.640000000001267, 3.640000000001267, 3.640000000001267, 3.640000000001267, 3.640000000001267, 3.640000000001267, 3.640000000001267, 3.640000000001267, 3.640000000001267, 3.640000000001267, 3.640000000001267, 3.640000000001267, 3.640000000001267, 3.640000000001267, 3.640000000001267, 3.640000000001267, 3.640000000001267, 3.640000000001267, 3.640000000001267, 3.640000000001267, 3.640000000001267, 3.640000000001267, 3.640000000001267, 3.640000000001267, 3.640000000001267, 3.627440438868444, 3.5895629898258523, 3.5235133082126655, 3.410178980959481, 3.2788110644674093, 3.128348976626037, 2.973654690140474, 2.8148929032817533, 2.652557400858503, 2.482732035389969, 2.3120293841789166, 2.140098418723937, 1.9692145109463852, 1.7992338169330675, 1.6285541946888533, 1.4553966751226142, 1.2804856771354265, 1.1040226772852302, 0.929470382660551, 0.7590118198591465, 0.5892500719488383, 0.41835133630066723, 0.2452177855154858, 0.070359709468788, -1, -1, -1, -1, -1, -1, -1, -1, -1, -1, -1, -1, -1, -1, -1, -1, -1, -1], "ego_ttcr": [-1, -1, -1, -1, -1, -1, -1, -1, -1, -1, -1, -1, -1, -1, 100000000, 100000000, 100000000, 100000000, 100000000, 100000000, 100000000, 100000000, 100000000, 100000000, 100000000, 100000000, 100000000, 100000000, 100000000, 100000000, 100000000, 100000000, 100000000, 100000000, 100000000, 100000000, 100000000, 100000000, 100000000, 100000000, 100000000, 100000000, 100000000, 100000000, 100000000, 100000000, 100000000, 100000000, 100000000, 100000000, 100000000, 100000000, 100000000, 100000000, 100000000, 100000000, 100000000, 100000000, 100000000, 100000000, 100000000, 100000000, 100000000, 100000000, 100000000, 100000000, 100000000, 100000000, 100000000, 100000000, 100000000, 100000000, 100000000, 7.254880877736888, 7.179125979651705, 6.010692364871844, 3.771434155987806, 2.829027668119889, 2.312845495141786, 2.014924687844289, 1.8098979179192367, 1.6228169616910308, 1.4594391841972667, 1.329883861551342, 1.2163549779840155, 1.1163396877247609, 1.021402562000075, 0.9188432326601599, 0.8150220697637167, 0.711646948022129, 0.6098034235433446, 0.5184045531523156, 0.4293807232891204, 0.33497541908220624, 0.23807317807946576, 0.13859636632526653, 0.039440779555597286, -1, -1, -1, -1, -1, -1, -1, -1, -1, -1, -1, -1, -1, -1, -1, -1, -1, -1],