{"exp_name": 1746543953.3669555, "term_cause": "PASSED", "ego": {"decision_time": [-1, -1, -1, -1, -1, -1, -1, -1, -1, -1, -1, -1, -1, -1, -1, -1, -1, -1, -1, -1, -1, -1, -1, -1, -1, -1, -1, -1, -1, -1, -1, -1, -1, -1, -1, -1, -1, -1, -1, -1, -1, -1, -1, -1, -1, -1, -1, -1, -1, -1, -1, -1, -1, -1, -1, -1, -1, -1, -1, -1, -1, -1, -1, -1, -1, -1], "aoi": [-1, -1, -1, -1, -1, -1, -1, -1, -1, -1, -1, -1, -1, -1, -1, -1, -1, -1, -1, -1, -1, -1, -1, -1, -1, -1, -1, -1, -1, -1, -1, -1, -1, -1, -1, -1, -1, -1, -1, -1, -1, -1, -1, -1, -1, -1, -1, -1, -1, -1, -1, -1, -1, -1, -1, -1, -1, -1, -1, -1, -1, -1, -1, -1, -1, -1], "ego_tactical_speed": [0.0, 0.0, 0.0, 0.0, 0.0, 0.0, 0.0, 2.0, 2.0, 2.0, 2.0, 2.0, 2.0, 2.0, 2.0, 2.0, 2.0, 2.0, 2.0, 2.0, 2.0, 2.0, 2.0, 2.0, 2.0, 2.0, 2.0, 2.0, 2.0, 2.0, 2.0, 2.0, 2.0, 2.0, 2.0, 2.0, 2.0, 2.0, 2.0, 2.0, 2.0, 2.0, 2.0, 2.0, 2.0, 2.0, 2.0, 2.0, 2.0, 2.0, 2.0, 2.0, 2.0, 2.0, 2.0, 2.0, 2.0, 2.0, 2.0, 2.0, 2.0, 2.0, 2.0, 2.0, 2.0, 2.0], "ego_front_d": [-1, -1, -1, -1, -1, -1, -1, 0.3599999999987329, 0.3599999999987329, 0.3599999999987329, 0.3599999999987329, 0.3599999999987329, 0.3599999999987329, 0.3599999999987329, 0.3599999999987329, 0.3599999999987329, 0.3599999999987329, 0.3599999999987329, 0.3599999999987329, 0.3599999999987329, 0.3599999999987329, 0.3599999999987329, 0.3599999999987329, 0.3599999999987329, 0.3599999999987329, 0.3851781576390412, 0.46180065207057197, 0.5597547316958398, 0.6811815507671932, 0.815391411984419, 0.9685880513068206, 1.1277405367455047, 1.2935653190461003, 1.461525475789481, 1.6334187853541837, 1.8064602336582607, 1.9822076200557008, 2.157490756561406, 2.3319577434486507, 2.5073343856573325, 2.6835936335554043, 2.860400095897722, 3.035942599052727, 3.210220815599855, 3.3827712693921654, 3.554482812028426, 3.7244344113516945, 3.8957465746279545, 4.069786849258605, 4.243123565335365, 4.41256352752899, 4.582968502873203, 4.756036184684724, 4.930608090230524, 5.106989983693667, 5.28428894722468, 5.46266326862086, 5.6402098832982865, 5.815934506730121, 5.990874085282414, 6.165567594275098, 6.339916595180965, 6.514109482094124, 6.6876817723715725, 6.860951420019303, 7.034310148486123], "ego_pos": [-10, -10, -10, -10, -10, -10, -10, -10, -10, -10, -10, -10, -10, -10, -10, -10, -10, -10, -10, -10, -10, -10, -10, -10, -10, -10, -10, -10, -10, -10, -10, -10, -10, -10, -10, -10, -10, -10, -10, -10, -10, -10, -10, -10, -10, -10, -10, -10, -10, -10, -10, -10, -10, -10, -10, -10, -10, -10, -10, -10, -10, -10, -10, -10, -10, -10], "ego_pred_go_pos": [-10, -10, -10, -10, -10, -10, -10, -10, -10, -10, -10, -10, -10, -10, -10, -10, -10, -10, -10, -10, -10, -10, -10, -10, -10, -10, -10, -10, -10, -10, -10, -10, -10, -10, -10, -10, -10, -10, -10, -10, -10, -10, -10, -10, -10, -10, -10, -10, -10, -10, -10, -10, -10, -10, -10, -10, -10, -10, -10, -10, -10, -10, -10, -10, -10, -10], "ego_d_to_cr": [-1, -1, -1, -1, -1, -1, -1, 3.640000000001267, 3.640000000001267, 3.640000000001267, 3.640000000001267, 3.640000000001267, 3.640000000001267, 3.640000000001267, 3.640000000001267, 3.640000000001267, 3.640000000001267, 3.640000000001267, 3.640000000001267, 3.640000000001267, 3.640000000001267, 3.640000000001267, 3.640000000001267, 3.640000000001267, 3.640000000001267, 3.614821842360959, 3.538199347929428, 3.44024526830416, 3.3188184492328068, 3.184608588015581, 3.0314119486931794, 2.8722594632544953, 2.7064346809538997, 2.538474524210519, 2.3665812146458163, 2.1935397663417393, 2.017792379944299, 1.842509243438594, 1.6680422565513493, 1.4926656143426675, 1.3164063664445957, 1.139599904102278, 0.9640574009472731, 0.7897791844001452, 0.6172287306078346, 0.445517187971574, 0.2755655886483055, 0.10425342537204552, -1, -1, -1, -1, -1, -1, -1, -1, -1, -1, -1, -1, -1, -1, -1, -1, -1, -1], "ego_ttcr": [-1, -1, -1, -1, -1, -1, -1, 100000000, 100000000, 100000000, 100000000, 100000000, 100000000, 100000000, 100000000, 100000000, 100000000, 100000000, 100000000, 100000000, 100000000, 100000000, 100000000, 100000000, 100000000, 7.229643684721918, 6.34451409301467, 4.177135776456356, 3.204133432703224, 2.565122303033785, 2.1449418721653393, 1.869305922824564, 1.6668362446414235, 1.504407948193109, 1.365886824041809, 1.2402341725667123, 1.1238577803978247, 1.0220029624353166, 0.9257267972912883, 0.8245711187774191, 0.7233834353807038, 0.627059559779541, 0.5323673309054857, 0.43945092533600905, 0.34622794773959614, 0.2521083762663027, 0.15717611315344157, 0.05925535751304881, -1, -1, -1, -1, -1, -1, -1, -1, -1, -1, -1, -1, -1, -1, -1, -1, -1, -1], "target_acc": [-1, -1, -1, -1, -1, -1, -1, -1, -1, -1, -1, -1, -1, -1, -1, -1, -1, -1, -1, -1, -1, -1, -1, -1, -1, -1, -1, -1, -1, -1, -1, -1, -1, -1, -1, -1, -1, -1, -1, -1, -1, -1, -1, -1, -1, -1, -1, -1, -1, -1, -1, -1, -1, -1, -1, -1, -1, -1, -1, -1, -1, -1, -1, -1, -1, -1], "target_ttcr": [-1, -1, -1, -1, -1, -1, -1, -1, -1, -1, -1, -1, -1, -1, -1, -1, -1, -1, -1, -1, -1, -1, -1, -1, -1, -1, -1, -1, -1, -1, -1, -1, -1, -1, -1, -1, -1, -1, -1, -1, -1, -1, -1, -1, -1, -1, -1, -1, -1, -1, -1, -1, -1, -1, -1, -1, -1, -1, -1, -1, -1, -1, -1, -1, -1, -1], "target_d_to_cr": [-1, -1, -1, -1, -1, -1, -1, -1, -1, -1, -1, -1, -1, -1, -1, -1, -1, -1, -1, -1, -1, -1, -1, -1, -1, -1, -1, -1, -1, -1, -1, -1, -1, -1, -1, -1, -1, -1, -1, -1, -1, -1, -1, -1, -1, -1, -1, -1, -1, -1, -1, -1, -1, -1, -1, -1, -1, -1, -1, -1, -1, -1, -1, -1, -1, -1], "target_pos": [-10, -10, -10, -10, -10, -10, -10, -10, -10, -10, -10, -10, -10, -10, -10, -10, -10, -10, -10, -10, -10, -10, -10, -10, -10, -10, -10, -10, -10, -10, -10, -10, -10, -10, -10, -10, -10, -10, -10, -10, -10, -10, -10, -10, -10, -10, -10, -10, -10, -10, -10, -10, -10, -10, -10, -10, -10, -10, -10, -10, -10, -10, -10, -10, -10, -10], "target_d_front": [-1, -1, -1, -1, -1, -1, -1, -1, -1, -1, -1, -1, -1, -1, -1, -1, -1, -1, -1, -1, -1, -1, -1, -1, -1, -1, -1, -1, -1, -1, -1, -1, -1, -1, -1, -1, -1, -1, -1, -1, -1, -1, -1, -1, -1, -1, -1, -1, -1, -1, -1, -1, -1, -1, -1, -1, -1, -1, -1, -1, -1, -1, -1, -1, -1, -1]}}