{"exp_name": 1746542889.4119468, "term_cause": "PASSED", "ego": {"decision_time": [-1, -1, -1, -1, -1, -1, -1, -1, -1, -1, -1, -1, -1, -1, -1, -1, -1, -1, -1, -1, -1, -1, -1, -1, -1, -1, -1, -1, -1, -1, -1, -1, -1, -1, -1, -1, -1, -1, -1, -1, -1, -1, -1, -1, -1, -1, -1, -1, -1, -1, -1, -1, -1, -1, -1, -1, -1, -1, -1, -1, -1, -1, -1, -1, -1, -1, -1, -1, -1, -1, -1, -1, -1, -1, -1, -1, -1, -1, -1, -1, -1, -1, -1, -1, -1, -1, -1, -1, -1, -1], "aoi": [-1, -1, -1, -1, -1, -1, -1, -1, -1, -1, -1, -1, -1, -1, -1, -1, -1, -1, -1, -1, -1, -1, -1, -1, -1, -1, -1, -1, -1, -1, -1, -1, -1, -1, -1, -1, -1, -1, -1, -1, -1, -1, -1, -1, -1, -1, -1, -1, -1, -1, -1, -1, -1, -1, -1, -1, -1, -1, -1, -1, -1, -1, -1, -1, -1, -1, -1, -1, -1, -1, -1, -1, -1, -1, -1, -1, -1, -1, -1, -1, -1, -1, -1, -1, -1, -1, -1, -1, -1, -1], "ego_tactical_speed": [1.0, 1.0, 1.0, 1.0, 1.0, 1.0, 1.0, 1.0, 1.0, 1.0, 1.0, 1.0, 1.0, 1.0, 1.0, 1.0, 1.0, 1.0, 1.0, 1.0, 1.0, 1.0, 1.0, 1.0, 1.0, 1.0, 1.0, 1.0, 1.0, 1.0, 1.0, 1.0, 1.0, 1.0, 1.0, 1.0, 1.0, 1.0, 1.0, 1.0, 1.0, 1.0, 1.0, 1.0, 1.0, 1.0, 1.0, 1.0, 1.0, 1.0, 1.0, 1.0, 1.0, 1.0, 1.0, 1.0, 1.0, 1.0, 1.0, 1.0, 1.0, 1.0, 1.0, 1.0, 1.0, 1.0, 1.0, 1.0, 1.0, 1.0, 1.0, 1.0, 1.0, 1.0, 1.0, 1.0, 1.0, 1.0, 1.0, 1.0, 1.0, 1.0, 1.0, 1.0, 1.0, 1.0, 1.0, 1.0, 1.0, 1.0], "ego_front_d": [0.3599999999987329, 0.3599999999987329, 0.3599999999987329, 0.3599999999987329, 0.3599999999987329, 0.3599999999987329, 0.3599999999987329, 0.3728515337217555, 0.4120973104333796, 0.4635858632371823, 0.5296925365375342, 0.6023499107465495, 0.6837946811183109, 0.7661423003866599, 0.8480998745739576, 0.9293830103313159, 1.0105128731221016, 1.0925287365922833, 1.177071051808897, 1.2610037253196675, 1.344064143590217, 1.4268042131716165, 1.50946160658282, 1.5993796565140657, 1.6775176683967379, 1.7611449459869206, 1.8425024313456677, 1.9235229305735477, 2.00541982982281, 2.0880193658264385, 2.17226120303703, 2.255526455881879, 2.3369324580106947, 2.4184349076570184, 2.5013489696363194, 2.585047457225656, 2.669965122693295, 2.7536174772930746, 2.834505492021403, 2.914972956480931, 2.996735135695913, 3.0796608839253343, 3.1644008102084054, 3.247964632279051, 3.3282858135633844, 3.4084416914427025, 3.489550960196596, 3.5721430163054606, 3.6568632592671073, 3.7408909397666097, 3.822876591211762, 3.904462969333624, 3.9864584330422264, 4.069301691998037, 4.154053114096273, 4.239163266948479, 4.322107165157015, 4.404128523154595, 4.486157081508955, 4.5693525752102016, 4.655056690750684, 4.740421706313085, 4.824051960511812, 4.906342831852485, 4.98674727165533, 5.068333299560103, 5.152779535805527, 5.237827976151594, 5.321697289521842, 5.4042372849705975, 5.484624647913483, 5.5661060270595115, 5.650617226605412, 5.7358196199459215, 5.818277071799541, 5.899605171528627, 5.9804726137124025, 6.06317133724613, 6.149975749974638, 6.237455470098794, 6.321553065167841, 6.404285611045351, 6.486369167551597, 6.568397160904658, 6.654237625801461, 6.740899279241814, 6.824682850853289, 6.908019330065832, 6.990050735852856, 7.072003261474009], "ego_pos": [-10, -10, -10, -10, -10, -10, -10, -10, -10, -10, -10, -10, -10, -10, -10, -10, -10, -10, -10, -10, -10, -10, -10, -10, -10, -10, -10, -10, -10, -10, -10, -10, -10, -10, -10, -10, -10, -10, -10, -10, -10, -10, -10, -10, -10, -10, -10, -10, -10, -10, -10, -10, -10, -10, -10, -10, -10, -10, -10, -10, -10, -10, -10, -10, -10, -10, -10, -10, -10, -10, -10, -10, -10, -10, -10, -10, -10, -10, -10, -10, -10, -10, -10, -10, -10, -10, -10, -10, -10, -10], "ego_pred_go_pos": [-10, -10, -10, -10, -10, -10, -10, -10, -10, -10, -10, -10, -10, -10, -10, -10, -10, -10, -10, -10, -10, -10, -10, -10, -10, -10, -10, -10, -10, -10, -10, -10, -10, -10, -10, -10, -10, -10, -10, -10, -10, -10, -10, -10, -10, -10, -10, -10, -10, -10, -10, -10, -10, -10, -10, -10, -10, -10, -10, -10, -10, -10, -10, -10, -10, -10, -10, -10, -10, -10, -10, -10, -10, -10, -10, -10, -10, -10, -10, -10, -10, -10, -10, -10, -10, -10, -10, -10, -10, -10], "ego_d_to_cr": [3.640000000001267, 3.640000000001267, 3.640000000001267, 3.640000000001267, 3.640000000001267, 3.640000000001267, 3.640000000001267, 3.6271484662782445, 3.5879026895666204, 3.5364141367628177, 3.4703074634624658, 3.3976500892534505, 3.316205318881689, 3.23385769961334, 3.1519001254260424, 3.070616989668684, 2.9894871268778984, 2.9074712634077167, 2.822928948191103, 2.7389962746803325, 2.655935856409783, 2.5731957868283835, 2.49053839341718, 2.4006203434859343, 2.322482331603262, 2.2388550540130794, 2.1574975686543323, 2.0764770694264523, 1.9945801701771901, 1.9119806341735615, 1.82773879696297, 1.744473544118121, 1.6630675419893053, 1.5815650923429816, 1.4986510303636806, 1.4149525427743441, 1.330034877306705, 1.2463825227069254, 1.1654945079785972, 1.085027043519069, 1.0032648643040871, 0.9203391160746657, 0.8355991897915946, 0.752035367720949, 0.6717141864366156, 0.5915583085572975, 0.5104490398034041, 0.4278569836945394, 0.3431367407328927, 0.2591090602333903, 0.17712340878823785, 0.09553703066637587, 0.013541566957773643, -1, -1, -1, -1, -1, -1, -1, -1, -1, -1, -1, -1, -1, -1, -1, -1, -1, -1, -1, -1, -1, -1, -1, -1, -1, -1, -1, -1, -1, -1, -1, -1, -1, -1, -1, -1, -1], "ego_ttcr": [100000000, 100000000, 100000000, 100000000, 100000000, 100000000, 100000000, 7.254296932556489, 7.175805379133241, 7.072828273525635, 6.359444391854929, 5.207535089029294, 4.494419888989019, 4.138733231138106, 3.9225191987982067, 3.76497991133948, 3.6359973408666586, 3.4733598228215925, 3.3113653074793774, 3.2065360038483472, 3.1219207885106215, 3.032862369921286, 2.9412909329009667, 2.81359856233098, 2.7019413482473387, 2.63266564728298, 2.5786004057501066, 2.4927792361792753, 2.393651348145284, 2.275860430881309, 2.155059636173275, 2.074086663531979, 2.0041868827309384, 1.903196790673681, 1.7919639311424584, 1.6765131062101764, 1.5624587563115149, 1.483127968068675, 1.413096843107762, 1.31966565310859, 1.2168179086602815, 1.1030804656272153, 0.9885800042241888, 0.9011910459020168, 0.8213947537468512, 0.7260956042213454, 0.6249033129386761, 0.5164545180168878, 0.4077447711712861, 0.3094838182372526, 0.21405291384968644, 0.11589696556110828, 0.01643510686679306, -1, -1, -1, -1, -1, -1, -1, -1, -1, -1, -1, -1, -1, -1, -1, -1, -1, -1, -1, -1, -1, -1, -1, -1, -1, -1, -1, -1, -1, -1, -1, -1, -1, -1, -1, -1, -1], "target_acc": [-1, -1, -1, -1, -1, -1, -1, -1, -1, -1, -1, -1, -1, -1, -1, -1, -1, -1, -1, -1, -1, -1, -1, -1, -1, -1, -1, -1, -1, -1, -1, -1, -1, -1, -1, -1, -1, -1, -1, -1, -1, -1, -1, -1, -1, -1, -1, -1, -1, -1, -1, -1, -1, -1, -1, -1, -1, -1, -1, -1, -1, -1, -1, -1, -1, -1, -1, -1, -1, -1, -1, -1, -1, -1, -1, -1, -1, -1, -1, -1, -1, -1, -1, -1, -1, -1, -1, -1, -1, -1], "target_ttcr": [-1, -1, -1, -1, -1, -1, -1, -1, -1, -1, -1, -1, -1, -1, -1, -1, -1, -1, -1, -1, -1, -1, -1, -1, -1, -1, -1, -1, -1, -1, -1, -1, -1, -1, -1, -1, -1, -1, -1, -1, -1, -1, -1, -1, -1, -1, -1, -1, -1, -1, -1, -1, -1, -1, -1, -1, -1, -1, -1, -1, -1, -1, -1, -1, -1, -1, -1, -1, -1, -1, -1, -1, -1, -1, -1, -1, -1, -1, -1, -1, -1, -1, -1, -1, -1, -1, -1, -1, -1, -1], "target_d_to_cr": [-1, -1, -1, -1, -1, -1, -1, -1, -1, -1, -1, -1, -1, -1, -1, -1, -1, -1, -1, -1, -1, -1, -1, -1, -1, -1, -1, -1, -1, -1, -1, -1, -1, -1, -1, -1, -1, -1, -1, -1, -1, -1, -1, -1, -1, -1, -1, -1, -1, -1, -1, -1, -1, -1, -1, -1, -1, -1, -1, -1, -1, -1, -1, -1, -1, -1, -1, -1, -1, -1, -1, -1, -1, -1, -1, -1, -1, -1, -1, -1, -1, -1, -1, -1, -1, -1, -1, -1, -1, -1], "target_pos": [-10, -10, -10, -10, -10, -10, -10, -10, -10, -10, -10, -10, -10, -10, -10, -10, -10, -10, -10, -10, -10, -10, -10, -10, -10, -10, -10, -10, -10, -10, -10, -10, -10, -10, -10, -10, -10, -10, -10, -10, -10, -10, -10, -10, -10, -10, -10, -10, -10, -10, -10, -10, -10, -10, -10, -10, -10, -10, -10, -10, -10, -10, -10, -10, -10, -10, -10, -10, -10, -10, -10, -10, -10, -10, -10, -10, -10, -10, -10, -10, -10, -10, -10, -10, -10, -10, -10, -10, -10, -10],